page,baseline_best,top_score,second_best_score,threshold_used,thresholded_label,1040_Main_Pg1,1040_Main_Pg2,1040_Schedule_1_PG_1,1040_Schedule_1_PG_2,1040_Schedule_A_NET_LOSS_STMT,1040_Schedule_C,1040_Schedule_D_PG_1,1040_Schedule_D_PG_2,1040_Schedule_D_STMT,1040_Schedule_E_PG_1,1040_Schedule_E_PG_2,1040_Schedule_E_STMT_PG_1,1040_Schedule_E_STMT_PG_2,1040_Schedule_F,4562,4797_PG_1,4797_PG_2,4835,4952,6251_PFT_LOSS,8949_PG_1,8949_PG_2,8960_NET_LOSS_COMPUTATION,ALT_MIN_REPORT,ALT_Tax_Loss_WORKSHEET,CAL_FARM_RENTAL_INCOME_EXPENSES,CAL_PASS_ACT_LOSS_LIMIT_SLIDE_1,CAL_PASS_ACT_LOSS_LIMIT_SLIDE_3,CAL_RENTAL_ROYALTY_INC_STMT,CAL_RES_INC_TAX_PG_1,CAL_RES_INC_TAX_PG_2,CAL_RES_INC_TAX_PG_3,CAL_RES_INC_TAX_PG_4,CAL_RES_INC_TAX_PG_5,CAL_RES_INC_TAX_PG_6,CAL_SCHED_3526,CAL_SCHED_3801_PG_1,CAL_SCHED_3801_PG_2,CAL_SCHED_3801_PG_3,CAL_SCHED_3801_PG_4,CAL_SCHED_3805V_PG_1,CAL_SCHED_3805V_PG_2,CAL_SCHED_3805V_PG_3,CAL_SCHED_CA_PG_1,CAL_SCHED_CA_PG_2,CAL_SCHED_CA_PG_3,CAL_SCHED_CA_PG_4,CAL_SCHED_CA_PG_5,CAL_SCHED_CA_PG_6,CAL_SCHED_D1_PG_1,CAL_SCHED_D1_PG_2,CAL_SCHED_D_PG_1,CAL_SCHED_D_PG_2,Form_6251_PG_1,Form_6251_PG_2,Form_8582_Pg_1,Form_8582_Pg_2,Form_8582_Pg_3,NOL_DEDUCTUION,NOL_DEDUCTUION_STMT,Other,STATEMENT
1,Other,0.2240502926133076,0.2076751439428445,0.3173360971597491,Other,0.1179797597852611,0.2076751439428445,0.0748936393802937,0.0726276983179336,0.0478730021568059,0.0837559031215712,0.0910153522557493,0.0945473717792584,0.048652281002026,0.0796301942411703,0.0897063134127809,0.0524403327502229,0.0738271508335209,0.0727943466626034,0.0976805067715429,0.0746989945018799,0.0632057580609464,0.0746989150525141,0.075256520748967,0.0594743542758154,0.0904935917649486,0.0866319978090673,0.0511732214234065,0.080148046623615,0.0900189236340696,0.0748586291779832,0.069335625378374,0.0579537949150955,0.0751385567293593,0.1226990603043494,0.1017791986864736,0.0837788139306476,0.089297709073206,0.0744049608679792,0.1417129555143233,0.0628483439079897,0.0653737889036999,0.0504368849693107,0.0533136115377398,0.0603176720659478,0.0631471285025841,0.0488728155576681,0.040243466548897,0.065365389442252,0.0580186988771124,0.0571520338260149,0.0561666899473664,0.0412244832476215,0.0440199665024566,0.0661398934440512,0.0472812877326743,0.0367228159518451,0.0374434115232334,0.0804548708927146,0.0809458265962278,0.0842378944778738,0.0704407858796353,0.0625300707242957,0.0469133952697462,0.048652281002026,0.2240502926133076,0.0841964585911866
2,Other,0.4919586859540223,0.3324623344206513,0.3173360971597491,Other,0.2714014990034178,0.3324623344206513,0.3247731282096086,0.2721356612082818,0.1866465628878852,0.2798479882450612,0.2751864415459071,0.2304586327035239,0.0403236918367618,0.2620368239416553,0.3042469651575376,0.1521558286693678,0.1675171623315094,0.2161790310859905,0.198842976057077,0.2912839906582226,0.1353140701863177,0.2888284738637841,0.1922175182821198,0.2638707036418818,0.2403812037453297,0.2050791203184506,0.2201099633572766,0.2960685860923271,0.1440052942867631,0.288973871432,0.228995627623751,0.1888628827332611,0.1176968501847459,0.1837491458862944,0.16160990288958,0.1233550192157107,0.0848008997473985,0.1395644504451399,0.3070680382234219,0.1771836100727993,0.2272926445710663,0.2261393919450735,0.176410435243715,0.2872339888214121,0.1922282728199486,0.1295604313791648,0.0679892760758097,0.1663496474828962,0.1627399240419511,0.1564572788678858,0.1109152618372329,0.1419091876348717,0.1271584553928743,0.1788749171315745,0.0886185592278363,0.0657012427518373,0.1390260449082165,0.3285716387654886,0.2389780752723312,0.1976080893034248,0.1692546428174342,0.2809021316968965,0.2071206201256461,0.0403236918367618,0.4919586859540223,0.2378442788120148
3,Other,0.5450849591227318,0.301716240600094,0.3173360971597491,Other,0.2464498013007938,0.2312668865102316,0.2354468422082334,0.2817767827773128,0.1366688552441654,0.2337124126771309,0.2594188150473502,0.1763964027427756,0.0605918477679634,0.2175630952039836,0.301716240600094,0.173856520928295,0.1724529218292095,0.1633726862522783,0.168775469007746,0.2255595534109078,0.108238713766826,0.2248933412802991,0.149677724579085,0.2348717822054905,0.2327809503558333,0.2169689111668709,0.1584024565641646,0.2683197795927629,0.1222877779760559,0.2217635977917804,0.1941532020133988,0.1953419483533036,0.0777150941665247,0.1414079016450216,0.1215361398568719,0.08980616015814,0.0652743284389985,0.1075961939329613,0.2207499519702867,0.1383273855707639,0.1929689459568375,0.2039237409272238,0.1857178928879232,0.2491210583993504,0.1361544092064407,0.0812027796478642,0.0975986867743934,0.120719228614362,0.1085886939749945,0.156381078073818,0.0792745224780318,0.0983051093082333,0.107069694305437,0.131846373485304,0.0734538037072836,0.0536089349473464,0.1074853108431402,0.265123798876376,0.1780093989349846,0.1585709773252206,0.1748097279298078,0.2421701173000368,0.1685974117440077,0.0605918477679634,0.5450849591227318,0.2812618753878955
4,Other,0.5052519849766217,0.4437011818997506,0.3173360971597491,Other,0.3228357031154826,0.3668929025422792,0.2730089456991761,0.2773671170311176,0.1367502113262143,0.286833979108222,0.3279180803724928,0.2817522036650192,0.049316226784466,0.2357468457568795,0.2650720838388377,0.1100546227411795,0.168713691756584,0.2047936482978147,0.2052717977897469,0.2772582450178025,0.1305004597533173,0.2929101112425922,0.1609357956541425,0.3317893287528491,0.2628085161360839,0.2390265484536572,0.2140462612436101,0.4240135127171645,0.1272353361107049,0.2939985413534463,0.2632925248007686,0.1925900929297408,0.0702761897753667,0.2044105578990262,0.1722705799120249,0.2273811342721739,0.1984381224644012,0.1823928571175204,0.3294733594474077,0.1906257637546129,0.2512175846009976,0.1937104095839366,0.1749805805619157,0.2563874670810731,0.1946851667489196,0.1086824176481126,0.0554101237311038,0.1492136583723362,0.1315695687052774,0.1431393979707554,0.080835911728246,0.1328768003492855,0.1171845826894925,0.1602446146743293,0.0759185166494353,0.0405759661407896,0.1303434476673914,0.4437011818997506,0.3079263276734716,0.1704037198569996,0.1832745817895672,0.2734122271972115,0.1226686229803234,0.0422101716376058,0.5052519849766217,0.2805259174983424
5,Other,0.5644670692396879,0.3120989523094604,0.3173360971597491,Other,0.3032275540487388,0.2834490830541775,0.2697610584326704,0.2398519077633216,0.1106351228376372,0.3120989523094604,0.2971902016121356,0.226246890503995,0.0467627088795906,0.2517746564245033,0.3108561273001104,0.126241545410654,0.1297719491053596,0.2352731973636393,0.1762269881431645,0.273451530566863,0.1438208452799955,0.262043541903032,0.1415787117040733,0.2887635942772175,0.2985613550941137,0.2746027809812524,0.159706353461139,0.2857888806816506,0.131245928203612,0.2615115100046893,0.2060773124237876,0.2130815810685359,0.0727768646850152,0.2137189338556858,0.1638239928175278,0.1284901845222109,0.0958251367842455,0.1471048506839295,0.2544627439322885,0.1260131904218169,0.2017428471809521,0.2214259695298941,0.2021600368228139,0.2874759470403366,0.1365423419640331,0.090167867335548,0.0740173574366832,0.1586054411630509,0.1366063478578995,0.1430678786940411,0.1079117560893986,0.1463267680926429,0.1362197396247774,0.1714814635851908,0.1005964005159436,0.0833125179823634,0.1430541673482672,0.3102794951280393,0.2164338466520314,0.1689370102478368,0.201832164422499,0.2824906465112002,0.1042601873497054,0.0467627088795906,0.5644670692396879,0.2687286049721143
6,Other,0.5125081989781,0.3544704582294192,0.3173360971597491,Other,0.296600270854976,0.3053529364739235,0.2980241282480062,0.2649911877346518,0.1828002010742367,0.3013647541975243,0.302063504465711,0.2510795683906286,0.1229799333073182,0.250238384869607,0.2876335112067497,0.1191419613606676,0.1343580149382372,0.2449272508465213,0.1741659318501222,0.2707332121610736,0.1245189026062926,0.2902265038057106,0.1724631056354451,0.3005939266692529,0.2551656696368664,0.2431880040093649,0.2392468179896588,0.3544704582294192,0.1111193156795894,0.2913401231224686,0.2250117024011605,0.1691836544137659,0.0830838649330116,0.1770137946427721,0.1590192020711829,0.1031590767196285,0.0699340367090052,0.1566733786814465,0.2551165986830069,0.1826413237892086,0.2244792752177009,0.2156665532343191,0.1546274650676272,0.2678947202225579,0.1905072738982735,0.115183261442394,0.0777081198082353,0.147148890697094,0.1346346872253364,0.1441350351352447,0.0725992421154041,0.1248858671267709,0.122376274653075,0.1586517143243727,0.0784619286829795,0.0462421397216319,0.1321730716654505,0.3298287302875328,0.2386744056826641,0.1780880552985735,0.1678813317752343,0.2744826509111601,0.2039119605974164,0.1229799333073182,0.5125081989781,0.2687350256626512
7,Other,0.4691200410605785,0.3520299562873693,0.3173360971597491,Other,0.2510569137432035,0.2976875837444045,0.174725967579669,0.1699326390150792,0.0982472528058892,0.1904761430269329,0.21946088723721,0.1815194174636104,0.0495675647250179,0.1674109337855395,0.1912545511126545,0.0912264645398903,0.1275254326034534,0.1453099632470039,0.1925653154224336,0.2315564634437597,0.1014057139576895,0.2177045319430072,0.1465857639869852,0.1670964804545524,0.1969660531145231,0.1651193134566893,0.1350565390498795,0.2057717487157747,0.1215355541758483,0.2223269744341428,0.2165483300720309,0.1573008666495904,0.0985476496000839,0.2133538309385713,0.1565792037774965,0.1663336598272529,0.189032915823186,0.2158272180361237,0.3520299562873693,0.1294982831570195,0.2066523318499188,0.2535230209346021,0.1493886709458751,0.1605783564999335,0.1708798606494484,0.1095560453917127,0.0458054383758292,0.1226433186192678,0.1010675343001016,0.1217528970302276,0.0819369304920497,0.0973948180438236,0.0951717146036295,0.1471940022759881,0.0811549481322351,0.0541447782325254,0.0969485264903292,0.2684258485188345,0.2042793495180637,0.1616087264205641,0.1125686555070591,0.1499844091439756,0.0906419549749665,0.0495675647250179,0.4691200410605785,0.1705088037529329
8,Other,0.4489162419041799,0.3349899895840124,0.3173360971597491,Other,0.1813681048304239,0.229939834452009,0.1707687574640784,0.1743183321481882,0.0962199353978195,0.1767096710542527,0.2201265845823695,0.1788226994715312,0.14912212714178,0.1483398219792773,0.1714849770227005,0.1731686959648934,0.1978199817634822,0.1531694165982136,0.1804495118442724,0.2060363777198798,0.1118816243036965,0.1863477874691335,0.2985957164752543,0.2769701668838174,0.1613270675852887,0.1516337925870808,0.1495714275865748,0.3349899895840124,0.1449671902569655,0.1942258533578175,0.2080094971022936,0.1774926946104561,0.1095007336157945,0.1250727501526473,0.1406930862207003,0.100097219264092,0.1422163063694854,0.1827405394154385,0.2377662995927277,0.2955780806754459,0.2045935329552638,0.33192725194443,0.1650357784492588,0.2088585918981406,0.1718460868580658,0.1581242898139163,0.0940252370482127,0.1141053639901242,0.0915289279105314,0.0931433826454173,0.0633866854390876,0.1139322434283468,0.0999724557498953,0.1554682372770811,0.0827788076686755,0.0538990079201228,0.1381786696595777,0.2746096124014958,0.1983172431953651,0.1476450795395119,0.1479162292698282,0.2113393906279542,0.1132133566814374,0.1325879250062422,0.4489162419041799,0.2690111586848934
9,Other,0.6827382498447916,0.4304843654290975,0.3173360971597491,Other,0.1295923427002832,0.3218494352929958,0.1372577323553946,0.1247554024699723,0.1263385518365044,0.1363552055354796,0.2125970928925963,0.103659103329379,0.2120731932839942,0.1625853708924126,0.365049473124766,0.3499217172199807,0.3266562395971752,0.1455657029792303,0.1309759699302711,0.1674147534318704,0.2683383603060091,0.1576639177228791,0.2176405626835559,0.3728447874819729,0.1881411793131334,0.3000978258594177,0.2637700235970802,0.2066417605013557,0.2793204308664289,0.1579519142248248,0.2031253902069253,0.3111560105848074,0.1673672774459671,0.0776660208675949,0.0858206670923253,0.2018790412175173,0.1901756579742659,0.2139875032363198,0.1191838918784967,0.1888553413051801,0.1917237104517741,0.3820546289958834,0.3176952095004061,0.3130308954706364,0.1846489909485482,0.2663662297366401,0.222349608186633,0.1608542772640681,0.2232376628744036,0.2239710977761256,0.2134494334037327,0.218248762812117,0.2041941041173516,0.175710715690541,0.2337981934783646,0.1808291279780888,0.2083536167074157,0.1492376335379543,0.1083735742611949,0.1737107435751656,0.3108366138602852,0.2784394191469406,0.159741318472482,0.2057901022254171,0.6827382498447916,0.4304843654290975
10,Other,0.6367279340905138,0.5034414080350129,0.3173360971597491,Other,0.1129978096158138,0.3186167909273718,0.1506786725510302,0.1014500622122966,0.1488725273243832,0.1545039317846056,0.2240735047858955,0.1418619331509898,0.2135001618853516,0.1680504378601591,0.4230306546568984,0.3930993671112313,0.3483192066807484,0.1379250336314991,0.1160650456907689,0.2254516591498488,0.2795971878192373,0.1408820502176053,0.086340588615044,0.5034414080350129,0.1878668411329207,0.2985648829350253,0.2610297489532094,0.2732475495902345,0.3734743185407713,0.138114580031435,0.2235482111377957,0.4262380204059128,0.1372725321484195,0.0652295412570702,0.0726560133969893,0.1936159662522146,0.1879687322525323,0.1908061865534143,0.109798321988204,0.0968810099986857,0.2115874263942774,0.3259691845100568,0.4349533023526807,0.3904321639430854,0.2266416041733893,0.275216552919301,0.2504931400486866,0.1564288687972153,0.221108621132989,0.2203188501683987,0.2002143689034239,0.1918557698045073,0.2015579060208851,0.2211341238410673,0.2368568316891053,0.1911447170431438,0.3212305946516488,0.1638592090843347,0.1222565881490841,0.2310119409207762,0.4166812654189196,0.3572529782840972,0.1351318575263083,0.2018269406147229,0.6367279340905138,0.4705217489331135
11,Other,0.7116149106249805,0.4541680064391339,0.3173360971597491,Other,0.0982238913596311,0.2915514573981758,0.1239549396766014,0.0840088010721714,0.0956851345727152,0.1211768835798216,0.2059466982788965,0.0861967359036385,0.1832270264077872,0.1481032891945189,0.4027530074135536,0.4290462910978175,0.36148566022746,0.1280662290293423,0.1073476438599328,0.1589892632703195,0.2139951210715372,0.1390986631682551,0.0874624908045096,0.3211834981736942,0.1841343571760838,0.3332200207469428,0.2187377586181098,0.2306556138032743,0.2195058316714442,0.1369536866810858,0.2505016421498334,0.3121155180880421,0.1864397838500908,0.0696967509185814,0.0799891224374658,0.1897476221322865,0.1835359579109269,0.2054218281486333,0.1171393816201283,0.0962776965033447,0.2402234191725452,0.4090012171251545,0.3168834878933347,0.2921075698650536,0.1347113304454487,0.2237646404611104,0.2047588944918326,0.1478489080502087,0.2111999957069246,0.1951427295868241,0.1890909274831247,0.1911289218272868,0.1893470116490715,0.1598982403685004,0.2153390746944959,0.177155297052249,0.2211349431737407,0.1154445734246678,0.0740775010366382,0.1953592061732544,0.299407641476084,0.2594800288711358,0.0954859219433822,0.1832270264077872,0.7116149106249805,0.4541680064391339
12,Other,0.7069911527337064,0.3867924921399079,0.3173360971597491,Other,0.1010638567215029,0.2938648744804044,0.1026204960555407,0.0815772791715304,0.0812613041050134,0.1093175989174269,0.178295596670836,0.0722342989825281,0.1865868922362632,0.1272296345371022,0.3178336954127002,0.3191629222170985,0.274680391688635,0.1086195963105933,0.1030642316586629,0.1293824977257746,0.2146176584826473,0.1200657355763678,0.0859271519859182,0.2731427918073747,0.189424329020207,0.3481916811375131,0.2092463531900242,0.2592313844915879,0.179175591090974,0.1177128739615981,0.1792178709864955,0.2349871309554431,0.133011287273651,0.0746468841707986,0.0822034070005462,0.1902861524101526,0.187752344959538,0.2171125709759354,0.1232024424743482,0.0949319898553834,0.1693904081200488,0.3533608911950567,0.2382212779230864,0.2384137558078516,0.1131368889485215,0.2223728426878648,0.186740979574675,0.1508408070718331,0.2039629263017455,0.1920370333344464,0.1844404511221905,0.1905003149553104,0.1875382402351033,0.1477657266137838,0.2186520668299781,0.1752077474739636,0.1862412433881205,0.1055163938440844,0.0728611650313853,0.1320703402925057,0.2304135840606744,0.2151868517299843,0.1007799274072196,0.1865868922362632,0.7069911527337064,0.3867924921399079
13,Other,0.6012542065538327,0.4485644930395142,0.3173360971597491,Other,0.0969877223061972,0.296930911783628,0.1520682448447717,0.0786223577734558,0.1430869435136307,0.1543423425112239,0.225962556990214,0.137963685666952,0.1863545238887474,0.1697216089940606,0.4318586253933968,0.4441889835865817,0.3829526025164014,0.1231395272184759,0.0958096551483146,0.2327036646130765,0.2300001755892355,0.1414412537416886,0.0802165433248039,0.429417562458692,0.1460034633433564,0.2645746102132577,0.2506440609488081,0.2472943321070838,0.3391460934916417,0.1388592941962242,0.2421124635470245,0.4446627938884024,0.1430520890266263,0.065532030421854,0.072210330595062,0.1933423366207481,0.1937263187348659,0.1924712763998891,0.1128460803950362,0.1017797886745588,0.2304417472257595,0.2567633569975995,0.4485644930395142,0.3891519089953273,0.2110291287982948,0.245023267351403,0.2517813171016371,0.1499500057821886,0.2138088740366026,0.203357512953105,0.1747540045897017,0.1733941646029016,0.1939483273376283,0.2146142281806973,0.2167061453992632,0.1758910689145284,0.3543143389930649,0.1400321119898609,0.0917770294679805,0.2332155242684389,0.4127656925798296,0.3661616150259454,0.10163379620566,0.1863545238887474,0.6012542065538327,0.4072014231778393
14,Other,0.7460021138046102,0.4736811136665473,0.3173360971597491,Other,0.1060373325714173,0.2991467806111162,0.1298619606372686,0.0814349031994683,0.1136096880390947,0.1300267220514562,0.2186504064483282,0.1122474250431343,0.1744760738016106,0.1493305220939563,0.4133936948080464,0.4302691962434575,0.35931489911265,0.126085060462285,0.1036329933825346,0.1852097025164409,0.2321585589418994,0.1343022366726703,0.081810567190291,0.4092753684197256,0.1714327197437223,0.3103559163359871,0.2271033909662576,0.2284598217748877,0.2711718284820734,0.1359958985209527,0.2457562029024675,0.3655298825644704,0.1706081746865953,0.0729422584891199,0.0802283447540208,0.1912357109478949,0.1855980573309945,0.2020637463289224,0.1140742643423411,0.0875348699359573,0.2349044690407114,0.3931897601333625,0.3716193981385268,0.3305335473055175,0.1676029338372024,0.2424579643684679,0.2201605869943245,0.1539728726477378,0.2107600954263027,0.1993381399180174,0.1849450288673641,0.1883189135730873,0.1854700833327831,0.1914840010486276,0.2277497749530012,0.1772439825201859,0.2688688183090946,0.1243525703654836,0.0929001854311414,0.2075086051023624,0.3430070905700243,0.2957700231913966,0.0882444805334399,0.1744760738016106,0.7460021138046102,0.4736811136665473
15,Other,0.6987583490165399,0.3376174908214353,0.3173360971597491,Other,0.0886097221509454,0.2859565407367628,0.0876036833228955,0.0728126038134049,0.0698670463945384,0.0997003763504104,0.1645050556208751,0.0628658944621633,0.1715824254946854,0.1030679232672501,0.2848809417248867,0.2810124192386264,0.2429649208776997,0.0965712216927078,0.0943762794458911,0.1081302798017919,0.2056324951714122,0.1112951010596389,0.0742407034005675,0.2475968637436919,0.181054593686128,0.3376174908214353,0.1957839134759113,0.2476624791982188,0.1664953627327026,0.1072724336912464,0.1587216538488935,0.2235065400323052,0.1034931209272503,0.0710453693931196,0.0764051021058482,0.1875663164055993,0.1827882018058923,0.2036508567266126,0.1136807485187384,0.0889806705355523,0.1496938542776703,0.3182807373559389,0.2285811352537255,0.2218810026889313,0.1055623837399693,0.2134129309111566,0.1753695275943928,0.1430928100801019,0.196204240716351,0.186881691287197,0.1802417777005415,0.1822026309841398,0.1845074306866915,0.1375214607038299,0.2123542574321815,0.1676016462643564,0.1707757008016764,0.092146288175526,0.0637444940950335,0.1104160772194879,0.218165051591905,0.1975426407938419,0.090065364068144,0.1715824254946854,0.6987583490165399,0.3365617052423924
16,Other,0.5840650519886752,0.401988620788411,0.3173360971597491,Other,0.1077502103917576,0.30113851400049,0.142397301474218,0.0824332314874364,0.1409022080501446,0.1382636143626402,0.2030868873738572,0.1287288078710492,0.2104124807761792,0.1518302079365333,0.3713894419197934,0.3834400541167397,0.346319500130947,0.1152014811266604,0.0986063016444855,0.2014008129468555,0.2249125888291878,0.1339156482263956,0.100656288886178,0.401988620788411,0.1200997437249816,0.2279768702785116,0.262621340468756,0.2364953245312702,0.3081227588996352,0.1420537587807952,0.2351741770525511,0.3790138059971505,0.139001018248742,0.0785202196390966,0.0876882942587732,0.1939154894617128,0.191619774105315,0.2279046748482034,0.1348735381245414,0.1135448860962514,0.2232635112425424,0.2559941080651822,0.3856088461225951,0.3347645138051257,0.225681731023814,0.2711007663966763,0.241321440311152,0.1593987703609627,0.2113679055731869,0.2271660534228683,0.1765146597782586,0.1829586617473242,0.1960755127122412,0.2007540361906334,0.215961512130029,0.1587622192136603,0.3251404699398825,0.1639250712535243,0.1086810768420606,0.2064050305814547,0.3602004177109036,0.3235981371341381,0.1427553431881046,0.1962763232634489,0.5840650519886752,0.3205442861979281
17,CAL_RES_INC_TAX_PG_4,0.4347005468009979,0.3973199393797006,0.8775000000000011,Other,0.2342190915918902,0.3973199393797006,0.2433082013403497,0.1439163775908841,0.1329418064445687,0.0911429381911917,0.0805556869236117,0.1161298788896871,0.242981026464139,0.1133937098651425,0.2934712621826062,0.29964843462166,0.331554424470409,0.1109864227225815,0.1505410625180385,0.111851136683807,0.2126453031271596,0.2235956990022527,0.140032837611024,0.208285753871597,0.0685379599955561,0.1565698209944063,0.2092964043218809,0.2355490472024867,0.1895787325828386,0.2237286322425893,0.2216487398035998,0.220774923168124,0.1581024546384363,0.1446600147381485,0.1993235928545686,0.3460825771339702,0.4347005468009979,0.3460766674691422,0.2874575069107614,0.1696118550061346,0.1959316579247267,0.239119783609556,0.2278637632869656,0.2092380414984981,0.1841604944345209,0.1988771417856282,0.1761662501731626,0.1851232743265878,0.2753623088832181,0.2429649157595961,0.22436058737866,0.2160303556918251,0.1939647379713417,0.1636638566778268,0.172740805801275,0.113115738851502,0.1815469637538329,0.2575104009001122,0.1773429023068755,0.1314211743762035,0.2046249050989163,0.2129910333013116,0.236905466441855,0.242981026464139,0.3371663875557373,0.1864688301045137
18,Other,0.3138366341486923,0.2537339099699606,0.3173360971597491,Other,0.1634228463106707,0.226262028290035,0.0895301421643705,0.0478208109877695,0.061098172811603,0.1251720480286376,0.1062327351776573,0.0996435935953814,0.188819574518356,0.1172860330330911,0.228344372027762,0.2379820358279692,0.2537339099699606,0.1093166677264334,0.1554242168661055,0.1102364271044398,0.1830365959739269,0.0895809316278865,0.0917109778464003,0.2121704918951202,0.1014491711067059,0.1970066566801391,0.18382275545932,0.1281333188074211,0.1179255727847859,0.0897621787307603,0.1635357918871984,0.2376377338176902,0.0937661899552313,0.1681492315781288,0.1099920903432109,0.188411367757466,0.2059913479866871,0.2399537378620533,0.1728061756457216,0.1068569696222158,0.1528814681363786,0.1744649763131986,0.2454262376353662,0.2031209919300715,0.1396808147470614,0.2256875298229865,0.1612728160218716,0.12090685803161,0.1850833721188568,0.1650137172402336,0.1763081609327629,0.1910724981214455,0.2006843283792139,0.1442439869808186,0.1581103374422218,0.1200601503000649,0.1915631304342194,0.0953099011952325,0.0805543459850811,0.1189755730398368,0.2024411360359217,0.2108630618450523,0.0842227989873621,0.188819574518356,0.3138366341486923,0.1563588020768989
19,Other,0.4040675691167307,0.2348045715718728,0.3173360971597491,Other,0.101884281869671,0.0640212654781359,0.0753131299246387,0.0564842202897712,0.0533280067699795,0.0797103874017871,0.091027233337288,0.0570583537608256,0.0428797229761209,0.0704564512480862,0.0932147059955052,0.0929848342764574,0.1020566520964812,0.061096922520491,0.0972650394388457,0.0766450900745421,0.0433963238576618,0.0655255743581846,0.0624796933591279,0.0434566114011149,0.1135610030203057,0.0983516279704119,0.0540223677739481,0.0456900986847526,0.0737471798282868,0.0698093379904939,0.0725953690469491,0.0886501954719873,0.0705449768593705,0.1201977271459295,0.0676496074179308,0.0410273992950752,0.0239264613903461,0.1520228250769719,0.0680593317791712,0.0337237527251716,0.0736712474397527,0.0632534528163403,0.0878224809703475,0.0807433221121445,0.0915138199110152,0.1016317492818789,0.0504896055056387,0.0387696206894451,0.0334356330942716,0.0321057164976213,0.0384755737734505,0.0437827618091032,0.0534298479342898,0.0622744786329445,0.0373677174509583,0.0272365176396407,0.0485223095025054,0.0594656666830453,0.0399169337878644,0.0824323459437259,0.0600523569799957,0.0815920479371564,0.0487067531181496,0.0450778880335397,0.4040675691167307,0.2348045715718728
20,Other,0.472160181072625,0.2644288545421083,0.3173360971597491,Other,0.1238525628900407,0.0691479927776121,0.1025134482009456,0.0654283904303354,0.0412939908370554,0.0866951065241424,0.0982006973152805,0.0552080512158672,0.0158487866069437,0.0921998448862937,0.1658010216337137,0.0658679197177413,0.0635872345793983,0.0882266106997581,0.0885501043906569,0.0856714411501277,0.067743126599822,0.0678642590261985,0.0444004096858557,0.0444136938885032,0.1566595723355555,0.1692607753349922,0.0340686337848036,0.0605713889730676,0.0787530799286996,0.0720138624796947,0.0913783346579851,0.0748067063260238,0.063812239384637,0.1287184296769655,0.1169089690115746,0.081117996457543,0.0202978753179099,0.0894524926021999,0.0679032108358318,0.0301680246729457,0.0926434379505643,0.0982392568095364,0.0741984337031458,0.0581700429010006,0.0474073211116548,0.0707162496924627,0.0996468137713325,0.1042528788946655,0.117111870622,0.0862023866644617,0.1151940738101462,0.1079813024862469,0.0999941113150898,0.113306168140214,0.1092986156445532,0.1051130621615203,0.0964792347873856,0.0589356060507208,0.0346727076141175,0.0699566298984957,0.0650350943022253,0.0502207013362948,0.0257867447468104,0.0158487866069437,0.472160181072625,0.2644288545421083
21,Other,0.392788053994472,0.2342886954260101,0.3173360971597491,Other,0.0984341015357807,0.0622011252274815,0.0960935376676655,0.0488323941143571,0.0450741364329639,0.0636042762921831,0.0831361977075094,0.0671523998333087,0.0183757595904523,0.0607261789134235,0.1349619416159682,0.0349571324714591,0.0367698191248171,0.0812492019609079,0.0986616453326343,0.0823611820853365,0.0719014385085178,0.0589960170306736,0.0453379833011091,0.0576492511761056,0.1277857217977492,0.1655629334247981,0.0341224468315164,0.0567964314813743,0.0687257295195188,0.0591464446672284,0.0397754827887806,0.050459443945843,0.0491083239554872,0.0705523311231474,0.0604758314266108,0.065582821571857,0.0237912165882952,0.0495816199687772,0.0508665360273852,0.0213869503487213,0.0406059296157675,0.055361713381864,0.0497878183954487,0.0382179339141521,0.046769712497119,0.0481816184520667,0.0619782095618268,0.0524114693070188,0.0735688151469368,0.0393273326211534,0.0523989114483071,0.053455026661815,0.0485570591536004,0.0819185808561771,0.0531410674586065,0.0564508524526582,0.0368229187163063,0.0576652183623132,0.0479049489918484,0.0416574925061098,0.0422379532735863,0.0271404279106701,0.029238236896935,0.0183757595904523,0.392788053994472,0.2342886954260101
22,Other,0.4227807193104056,0.2493722793872824,0.3173360971597491,Other,0.1046140294284809,0.0488327695702352,0.0704188917715159,0.0511573868591175,0.0453357880634759,0.067164002647678,0.0883674570058896,0.0623134985015826,0.0166898332003712,0.048563893948706,0.1200589768347534,0.0336647459601299,0.026963034163532,0.0731277895116247,0.0627540259819972,0.0674678678415146,0.0803049338225751,0.0559153979361612,0.036670190019413,0.0779186937091509,0.1324740200652205,0.1648942097537982,0.0344093041073097,0.0514293812605012,0.0764320920080191,0.0560724137543579,0.0475184486546807,0.0635444784843936,0.0345225535967912,0.1082275383784151,0.0784488668693279,0.0632022548231618,0.0187103657159309,0.0651796148962882,0.0217143433833485,0.0181807967656777,0.0484617853568438,0.0623863936632493,0.0583575239419286,0.0429243733856685,0.0500963376831782,0.0621360828032653,0.070151182127948,0.069405150049735,0.0790972933152445,0.054022260921555,0.0732673054581644,0.0798074307181959,0.0668827084818635,0.0958452296790682,0.0792155646760733,0.069989985987842,0.0382427570089919,0.0541238208576747,0.0598856306876318,0.0455930423335861,0.0458188842796266,0.0270191507822668,0.020620250291384,0.0166898332003712,0.4227807193104056,0.2493722793872824
23,Other,0.4374620950032841,0.206079104572943,0.3173360971597491,Other,0.1189388416218199,0.0298558170482315,0.0597272875482824,0.051567699504012,0.0367682979268778,0.0807183387612385,0.0761355772199199,0.0414721239934883,0.0187829710109982,0.0694755463432724,0.123383658874545,0.0609610679873766,0.0487932190206451,0.0754485128099374,0.0341601428098125,0.0470230254371706,0.0398834400975698,0.0747012520237534,0.0388051154247365,0.01807939836211,0.1100786309334418,0.1309064064253943,0.0329667933680288,0.0169649546856786,0.046478294129173,0.0799375702184454,0.0437186211730953,0.0422640757670827,0.0850937904690052,0.1408771551378645,0.0841418342218089,0.0464115548423924,0.0165857685772545,0.1167344740781784,0.0407834338906467,0.0148492424049174,0.044629200135789,0.0764003667334339,0.0398987804033613,0.0390728368356275,0.0304335437272244,0.0593466064920399,0.0376869085585195,0.0370368271427604,0.0412988405501252,0.0290051513830882,0.0443147021264893,0.0506182741859853,0.0468886006125216,0.0466276322497342,0.0377287675050393,0.0249573917213167,0.0414904648653744,0.0409902897219127,0.029095292476538,0.0390962919874468,0.0313143798949151,0.0286770213562295,0.024992576466545,0.0187829710109982,0.4374620950032841,0.206079104572943
24,Other,0.3936965491634874,0.1672409697492887,0.3173360971597491,Other,0.1099664505838229,0.0337886529071112,0.0447665557933978,0.0445795152581797,0.0367992535621837,0.0679198307267359,0.0718828353548457,0.0422116738753544,0.0230988215187605,0.0426469580400114,0.0879721894437693,0.0343247836590748,0.0323595095215432,0.0497456658283439,0.0366126118027498,0.0403224146851734,0.0377883581092304,0.049396987229735,0.0346038942209845,0.0108690392295695,0.1200323802010333,0.1235779790672062,0.0329082168239309,0.0195706498593509,0.0380245292690246,0.0522815058521468,0.0257966466469014,0.0349658702990499,0.0419702803779028,0.1247212637906702,0.0726490320821649,0.0420070604194725,0.0196683020432155,0.1104954431791685,0.0328831711224189,0.020869967789998,0.0264690803140394,0.0393428266827258,0.03203230207257,0.0330731223875361,0.0320797718161198,0.0443719741684258,0.039821100549523,0.0323815258929943,0.041280464092859,0.0271041361716369,0.0429518317416797,0.043541881154122,0.0410837995443445,0.0414011066917222,0.0339261554001614,0.0267860472410927,0.0318238166961053,0.0381441369694035,0.0308392240549895,0.0297264984427805,0.0301065337690207,0.0253825966893733,0.0316885852912154,0.0230988215187605,0.3936965491634874,0.1672409697492887
25,1040_Main_Pg1,0.8774999999999996,0.5741270691650596,0.8774999999999996,1040_Main_Pg1,0.8774999999999996,0.4606364470479365,0.5306225394310256,0.4362427405451618,0.3918453887395284,0.5697044338981878,0.4921298490144291,0.4132586906447738,0.1126753628212575,0.4946942386793729,0.4013933935200819,0.1802444918332643,0.2186820993951844,0.5556310875633419,0.4651038562602652,0.4730179661984149,0.2892576065972489,0.5725942864094408,0.4239702229408724,0.1842739697608291,0.4790609010472394,0.3442934339965168,0.2141259341622842,0.2471369376857445,0.2038248003738416,0.5741270691650596,0.2929689966302153,0.2406738095111782,0.2931320554974272,0.5665188089070892,0.4647922438941591,0.396269497348854,0.1891748581694655,0.3175757903153434,0.3218817601824798,0.3071770170975367,0.2886380034253339,0.2237092569533981,0.2378265662372205,0.2419564075115914,0.2912422123456363,0.2314455765840032,0.1810700631136562,0.2525217137786452,0.196501821217278,0.2370358673487237,0.1847041482300766,0.2088147027886591,0.2448138077574872,0.2628427598887277,0.1411462104481015,0.1004804402640131,0.1800922341958888,0.512813647291785,0.4940563629662459,0.4725873393010432,0.325561647339329,0.3133932782772802,0.2506801227763071,0.1126753628212575,0.2587058422926776,0.2163213860822188
26,1040_Main_Pg2,0.9999999999999988,0.5777436172238241,0.95,1040_Main_Pg2,0.4606364470479372,0.9999999999999988,0.378060032622361,0.3459086373274586,0.2829603682077109,0.3886086625965985,0.3655164808101704,0.3496577069485991,0.308306744576412,0.3542413035933908,0.4809365214811092,0.2996627578985928,0.3414308281339375,0.4124383045553084,0.3455333955638808,0.3822384657466798,0.4021530918541676,0.4428411090930325,0.2887717205560423,0.3477170903518618,0.3183736331672601,0.3856144006412755,0.3516883102969705,0.3175346782651642,0.2863884060284059,0.4430972435054776,0.3101523793966335,0.3295654014426604,0.1741128710823512,0.2563785619640655,0.3102536554416542,0.5777436172238241,0.3919200831738043,0.4721673524639513,0.4813909506949285,0.2938883096673053,0.2909546272680171,0.3258315030457511,0.326290519207191,0.3650018043444125,0.2944570704808404,0.3157469273465457,0.2589740542501764,0.2752296180488238,0.2956390034479846,0.3424746726615523,0.306200248669244,0.3142996182860291,0.3361760840063695,0.321453187027048,0.2513667878836102,0.1679433362632112,0.2678890834434711,0.4229920209639581,0.4168260384346709,0.3471851222090783,0.4369298694335547,0.425830767800773,0.3139220906535311,0.308306744576412,0.3818809865466801,0.258303231111504
27,1040_Schedule_1_PG_1,0.8775,0.6163954186714722,0.8775,1040_Schedule_1_PG_1,0.5306225394310263,0.3780600326223613,0.8775,0.5355806327392121,0.378702146948369,0.5648860397389395,0.4978809355986131,0.4318804955483434,0.077162837831159,0.5985527035298004,0.4754430203878709,0.327526518382771,0.2870629497171209,0.5439842817302705,0.3994646335209861,0.4753352425008192,0.2491213429728891,0.6160992677944397,0.4099876064679966,0.2707451602237206,0.3865164087860899,0.2482574199412877,0.2143711754558512,0.352453826672411,0.2761479653948775,0.6163954186714722,0.3391332414420845,0.2820987280989364,0.4131721998922015,0.3418025380440823,0.349450515617559,0.300471583437522,0.1020393438396441,0.1824044699499022,0.1979438137657755,0.276708544527965,0.3411056209263482,0.2136369892876293,0.2781163468955242,0.3356885022203953,0.2750717927757931,0.1774658855168028,0.1874788420794907,0.2764616183999466,0.2808016488231843,0.2369388888513692,0.2231736785162237,0.2138793196807789,0.2097260338792778,0.251483147811027,0.1331040648866784,0.1101591186270809,0.2098321810286566,0.5293497677226008,0.3948444284361463,0.4785071930983727,0.3422922162006203,0.390571381159423,0.2924230185985841,0.077162837831159,0.2592742055828124,0.3085378702217141
28,1040_Schedule_1_PG_2,0.8775000000000015,0.5355806327392104,0.8775000000000015,1040_Schedule_1_PG_2,0.4362427405451616,0.3459086373274582,0.5355806327392104,0.8775000000000015,0.3268213407099959,0.4836338893890527,0.41600020894644,0.3845178671345539,0.0815009675036747,0.4388225680803266,0.3291749870222507,0.1757945708587628,0.1961476199297323,0.4488286989858325,0.3576841928816946,0.3887392711022915,0.2394905265814731,0.4970485518686107,0.3607743139540873,0.2289382733144367,0.3657801009797629,0.2406401046459174,0.1859773219503802,0.2512141338907674,0.1862401087516386,0.4973999430423789,0.2253676227930584,0.1964954888332399,0.2973694270090008,0.2733960338448031,0.3246179361289525,0.2656231329627611,0.1242575868613013,0.1852964182148483,0.1798021851974898,0.2467612888600432,0.2238980993577607,0.181047526487156,0.1897907923767084,0.2670506935670231,0.2067494342240193,0.1357674362551065,0.1526475609246672,0.1939299426213747,0.1803328965878798,0.3033640903354476,0.2832686094099047,0.2219563393832205,0.2104292819613593,0.2164777915569804,0.1295876592268768,0.0952159809503965,0.1707080809850494,0.4534469099685092,0.3813218281213378,0.3391000568577894,0.253567892965343,0.3023786723283143,0.2584155521543187,0.0815009675036747,0.2084555969903741,0.221582901324523
29,1040_Schedule_C,0.8775000000000028,0.7231441740716933,0.8775000000000028,1040_Schedule_C,0.5697044338981888,0.3886086625965987,0.5648860397389396,0.4836338893890538,0.4247544382823994,0.8775000000000028,0.5559861570248532,0.44443651455159,0.077718196039652,0.5904596084998003,0.4144669787231835,0.2167187480043509,0.2037338359337131,0.7231441740716933,0.481886567420414,0.5445806257361399,0.3421392614966075,0.6419614561822147,0.4593026706220458,0.2373396565486201,0.4951245943804869,0.3507524417076716,0.2513059463962522,0.2611236322650284,0.2322063518814796,0.640979477192805,0.3319297458485013,0.2774296465899236,0.2828493387635813,0.438553416238163,0.3883031098564226,0.4000729035375854,0.1127392789251555,0.2755721641133281,0.2323905701965289,0.3585144624464674,0.3336982213720514,0.2371457946952724,0.2711604510664255,0.2841675678215553,0.3356147910849875,0.2586368139815012,0.2290258298787227,0.2770397249299195,0.205739180988687,0.2697986336641723,0.2101717102427175,0.2476185316865839,0.2711498021039796,0.3336920494114753,0.1754449867511091,0.1399793999540375,0.2467978039300614,0.5045641710408013,0.467691283043844,0.5121136478421257,0.401722169862011,0.376999144707361,0.2226511797419799,0.077718196039652,0.2568013363122137,0.2554954244899858
30,1040_Schedule_D_PG_1,0.8771617396522122,0.6531136487871888,0.8771609324313174,1040_Schedule_D_PG_1,0.4905808434771244,0.3616805720355654,0.4975160206551605,0.4154968093626106,0.3940279297591484,0.555814822226099,0.8771617396522122,0.5119905624969544,0.1023917413912468,0.534090648318472,0.4518450638505327,0.2754955795318192,0.255278819643317,0.5307207942923297,0.4350623244087176,0.6325565960492823,0.2856313751665545,0.5121667771130398,0.4103748556912689,0.3665286702987079,0.6531136487871888,0.5232865677495054,0.2640257101218153,0.3438713928967969,0.3111446419081181,0.5110816747262727,0.3499312667012831,0.3730449959088444,0.260064309311992,0.3478159728651131,0.3142303212791105,0.2686809014794184,0.1136059815440669,0.2040573720584456,0.262876865956002,0.3190399711113805,0.3497921617880885,0.2396517528860733,0.3669589592750075,0.3557472152609342,0.3301105307213391,0.2488371799027614,0.2023942036623001,0.2527436935970427,0.1697227437215001,0.1980181721975876,0.1503738427245314,0.1861145383633219,0.2031731940164821,0.3780967521168196,0.1533643968059448,0.1559237155564405,0.2788256178570627,0.5034684258328596,0.4371135821526679,0.5073551559971792,0.4013240372807459,0.3955140833625757,0.1939902924303913,0.1023917413912468,0.3293393351961654,0.3452886653867483
31,1040_Schedule_D_PG_2,0.8767112307138215,0.5902852394891127,0.8767119837608943,1040_Schedule_D_PG_2,0.4111347850750072,0.3435148520919147,0.4324508582892709,0.3835482735109262,0.4435102934756222,0.445235062990671,0.5134490250213835,0.8767112307138215,0.1172018905298477,0.3989974313022244,0.2894703269931499,0.1353578527679273,0.1455698222186709,0.4206781392836165,0.3572723226713962,0.5426850092633733,0.265045182340702,0.4373751669354099,0.3551221903059415,0.2714861437212525,0.356630755750189,0.2481777659641775,0.3369339982574301,0.2461526668094422,0.2011143885271306,0.4377654900794073,0.2524565771404367,0.2560570972466178,0.2355628438127097,0.3275272678936414,0.3404749426665868,0.2016471304146565,0.1153675792589048,0.1999524804557646,0.2058148458561381,0.2311241999520379,0.2491998015631653,0.1959560959020231,0.2488384032478305,0.2500860140310167,0.323774536710368,0.2296078447530112,0.1414061942619991,0.1394233643629454,0.1130793468275125,0.1604107478876539,0.1174583236512112,0.1614819843095574,0.1732558362989295,0.3074038634421465,0.1205746123394503,0.0687389609653491,0.2688954597753819,0.5375419345620289,0.5902852394891127,0.4646680887873257,0.2877598822154916,0.2956885791014558,0.3251695267615795,0.1172018905298477,0.2117998086355226,0.2742521086628008
32,8949_PG_1,0.8770484720519699,0.6782642621782955,0.8770438510351585,8949_PG_1,0.4770459039780707,0.314101405249063,0.3856868364652533,0.3651805862384046,0.3305190699970546,0.4945812370104032,0.6525995430731499,0.3547405079246897,0.1041213523226544,0.4711800038563721,0.3943996941042642,0.1653909306920988,0.1711313214925412,0.4680533674235114,0.4127505485437259,0.5014366497948725,0.3263543919447803,0.442810198677299,0.3405141255693455,0.2880447019958267,0.8770484720519699,0.6782642621782955,0.1993393820452651,0.2629450558693862,0.2534820086089754,0.4398309249175378,0.2629973327195082,0.2642172476541522,0.2107943083057988,0.3497004971935421,0.2970895950494118,0.2374967341080155,0.0781757959215506,0.2154184815870727,0.2295657324772276,0.2775702897743265,0.2648058617357395,0.2847621050986835,0.259234619055558,0.2950293137655069,0.2713841360568628,0.2355081522258295,0.1371426987754347,0.2512423568978461,0.1575295778872243,0.1960091113987927,0.1618186860334616,0.1818866202919498,0.1711564070678547,0.319252599726898,0.149877587533309,0.1748859473411145,0.2120491732730457,0.4027522379586319,0.3492341975437738,0.4175044391866651,0.329519712366196,0.3279264272935027,0.2066400004512703,0.1041213523226544,0.303515524364466,0.2573865956396508
33,8949_PG_2,0.9995702248814892,0.6776812834293139,0.95,8949_PG_2,0.3419383750648658,0.3815797729910836,0.2471697652679927,0.2396921522460123,0.2243590191147414,0.3499136292386251,0.5221350652151745,0.2459067111687473,0.2234730770564346,0.3166195559812425,0.5070610268448464,0.2939863916517372,0.2809333708308897,0.3281437868648167,0.2792912069104374,0.3707932461770429,0.4049489707269532,0.3092506261453244,0.2076808251699833,0.3675032855357851,0.6776812834293139,0.9995702248814892,0.3209392696610547,0.3880087903449115,0.2237331900548427,0.3053163598728132,0.2419982979152771,0.3654423485096117,0.1029385564116898,0.2534667349914496,0.190139150664068,0.3353288618767263,0.1858001462184663,0.3138355057789911,0.2371215542767475,0.2487710431022157,0.2361461621275555,0.2881812474035419,0.3485589669457081,0.3761606871515345,0.2486324375311749,0.3201336573456022,0.267070588800723,0.2336603745355287,0.2612622895766108,0.2807243622732989,0.2588772388014985,0.2817131018266045,0.2673764502760085,0.3072282689007264,0.2584625800062938,0.1874724256403391,0.2951663759775988,0.2727843678292651,0.2442731750980862,0.2789788310588388,0.4302354628260534,0.4102459808151628,0.1819634659493056,0.2234730770564346,0.4036312721214017,0.2949273552595871
34,1040_Schedule_D_PG_1,0.8771608899460072,0.6535929972241389,0.8771609324313174,1040_Schedule_D_PG_1,0.4932812688234767,0.368975974510509,0.4978645702895797,0.4161843314244847,0.3931322354942715,0.5557047899452641,0.8771608899460072,0.5150763610790531,0.1037226547835697,0.5337488902718102,0.4510940978239529,0.277157583178044,0.2588341741768845,0.5307467486725989,0.4381008591518252,0.6337586360167313,0.2865873653723577,0.5144848439975449,0.4104698047482453,0.3677711728804056,0.6535929972241389,0.5232548005641681,0.2642440205942775,0.3507900960536311,0.3147468511923404,0.513398809013693,0.3533337712102377,0.3729571344101293,0.2593245312311676,0.3480775696042113,0.3167268275869095,0.2784851353717405,0.1256416119717702,0.2087013226919997,0.2709528885955676,0.3197918649871808,0.3513742572617553,0.2410880072978955,0.3669020362203419,0.3552742824905773,0.3330767345923158,0.2495215759268707,0.2028832282411592,0.2536259670228641,0.1697984659592948,0.1984742166101055,0.1509306540954991,0.1858309387899394,0.2027645150605346,0.3792192268870047,0.1540691815367587,0.1561275630204808,0.2780050283884928,0.5135870412046888,0.4423391241072902,0.5086434529767623,0.4029340914490812,0.397509547075865,0.1942619013491291,0.1037226547835697,0.3330728454061298,0.3494405646928337
35,1040_Schedule_D_PG_2,0.8767262916552785,0.5965088110230784,0.8767119837608943,1040_Schedule_D_PG_2,0.4148190925686956,0.3550740114665944,0.4307327934044775,0.3850271941422569,0.440695894349093,0.4430073313730501,0.5132002905753253,0.8767262916552785,0.1164080304679601,0.3965862892424467,0.2883882344769077,0.1366249858727847,0.1500605379413291,0.4187931573452161,0.3613586862994491,0.5420791349874549,0.2655433776682383,0.4396464226800103,0.3551443272456464,0.2691588321679659,0.3565328776638977,0.247835505582481,0.3343395772882603,0.2558429601455174,0.2067891526896055,0.4400357649872671,0.2557334557199687,0.2560865311568648,0.2347145392654368,0.3285613214447258,0.3437413768988183,0.2189578374314958,0.1367379825315389,0.2067334050135904,0.2177999361710742,0.2309027797683856,0.2508205173105877,0.1954697008522916,0.2489325912211981,0.2492522237340056,0.3262833168432562,0.2278362922505009,0.1406344944646427,0.1401672989758058,0.1137726713851316,0.1615082372529528,0.1191387059124823,0.1612603904593867,0.1727202159116962,0.3077746255742662,0.1204125856754087,0.0684783575775656,0.2666245710934767,0.555889419102114,0.5965088110230784,0.4642705402428575,0.2887453276794995,0.296492151854399,0.3226568940996152,0.1164080304679601,0.2157454645360682,0.2774713327494514
36,8949_PG_1,0.8770436078237474,0.6781136518452998,0.8770438510351585,8949_PG_1,0.4805994053117035,0.3222676086372278,0.3869853787352995,0.3660203457112289,0.3297502577261769,0.4951600231976907,0.6539600898855613,0.358581611042257,0.1057613808690341,0.4714427535066537,0.3943361009107817,0.1678281434098923,0.1754432373000527,0.4687758870459932,0.4161638674593994,0.503481792223214,0.3277568011430695,0.4457191562812564,0.3407233233291965,0.2903652568683401,0.8770436078237474,0.6781136518452998,0.2002561711980771,0.2709047923938631,0.2576120461912554,0.4427518117885173,0.2673205917494441,0.2647296063575571,0.2098099670778511,0.3500031012847582,0.2997454022471795,0.2478834151858305,0.0904938098726076,0.2204737036700299,0.2382637912740587,0.2787011362199367,0.2670379082208548,0.2868104372286836,0.2597756703434286,0.2950847020817742,0.27504070254519,0.2368579804579711,0.1380954581409286,0.2524892022103465,0.1578708173986328,0.1966309458872732,0.1624865173464157,0.1818196422230543,0.1709446075540453,0.3210430092538303,0.150923018568779,0.1752284188179837,0.2115355490165787,0.413292091483041,0.3549403099905533,0.4194803218506551,0.3320667031570407,0.3309950436554154,0.2070803114663681,0.1057613808690341,0.3085935707840507,0.2628795757954952
37,8949_PG_2,0.9995665121395054,0.6787314139316518,0.95,8949_PG_2,0.3462253620253443,0.389279893082427,0.249026688895367,0.2412502077407417,0.2241575154051812,0.3511374371662461,0.5242835343363139,0.250240385874968,0.2248514901856356,0.3175728965644038,0.5069449528219303,0.2960386963076484,0.2846638931929583,0.3295089793628007,0.2832106682687108,0.3734400669715303,0.4061316668593412,0.312722277961138,0.2084040220055248,0.3691637693118888,0.6787314139316518,0.9995665121395054,0.321546940121409,0.3963064255269006,0.2268806701174703,0.3088022637627159,0.2451608456796571,0.3658893906180226,0.1026708648215698,0.2544805868901597,0.1933108722749233,0.3452072775705266,0.1973498220749416,0.3184363799150644,0.2452914801072039,0.2491100249967909,0.2373915203150994,0.2894296296290148,0.3488993006939855,0.3760438615650165,0.2512838759674329,0.3208185689565726,0.2678830251335092,0.2339394144269933,0.2613745781063435,0.2811678573031698,0.2593291359229131,0.2814952670607042,0.2670142676324423,0.3081306463888752,0.2593083779691629,0.1869522493498262,0.2945806590123152,0.2837224586092154,0.250460857911107,0.2812741651032011,0.4326956139247966,0.412935764699793,0.1814838637409195,0.2248514901856356,0.408360442641557,0.3003509781865514
38,1040_Schedule_E_PG_1,0.8775000000000003,0.5985527035297992,0.8775000000000003,1040_Schedule_E_PG_1,0.4946942386793725,0.3542413035933902,0.5985527035297992,0.4388225680803262,0.3650099442855447,0.5904596084997988,0.5341290528189081,0.3980523408381087,0.0992586423902525,0.8775000000000003,0.4537856390034699,0.2691289349331462,0.2249426830973742,0.5699172827671155,0.4854332898034097,0.5200038067931263,0.3551194550276156,0.5870099747124251,0.4043733488927216,0.2320705832618515,0.4715578840873596,0.3173053800023088,0.2041428838883935,0.2557306250190279,0.25249066120805,0.5873142387088139,0.3546328362021334,0.3007592020238813,0.4900611215963638,0.3481115098955045,0.3260144361780043,0.2997475858263688,0.0991619186214634,0.2166236195493431,0.2102288787019913,0.2889582962513671,0.3567338649465413,0.2312769234802791,0.2965387006483825,0.3066041204311308,0.2883522369793864,0.2373785319214496,0.1770559723596733,0.2368920609750552,0.1964701728508319,0.2266307645547692,0.2043828789122708,0.2186689835453089,0.2064326772648105,0.2945588647908791,0.1579362144548454,0.1290086213675211,0.2084298948368407,0.4512821587887438,0.3836229508051519,0.532958058431413,0.3673640055523298,0.3532884075050466,0.2148913826553211,0.0992586423902525,0.2515873390137859,0.305575022270442
39,1040_Schedule_E_PG_2,0.9999999999999968,0.5953387659297108,0.95,1040_Schedule_E_PG_2,0.4013933935200827,0.4809365214811095,0.4754430203878712,0.3291749870222515,0.3096492055005961,0.4144669787231836,0.4516900474565663,0.2892007537100149,0.2331071368955318,0.4537856390034708,0.9999999999999968,0.5953387659297108,0.5420507964048182,0.3874372198299745,0.2899678868012585,0.4450265534159486,0.4104638454640658,0.4250104020418779,0.2569538194903518,0.4685527889771396,0.3946184711283836,0.5072581184106094,0.3913936286883738,0.402350525921897,0.3911217595841666,0.4238826069471764,0.4340986747330602,0.5565426598086316,0.2447774694687853,0.2540658137203677,0.2462184342230619,0.3609451711580943,0.2226557148368736,0.3085261384649729,0.2616805853031735,0.2668140892579481,0.4266931851063132,0.3926697869582427,0.555413324343397,0.5817725329509011,0.358609816873031,0.3989137274781832,0.4649799534305447,0.3101185553831898,0.3699402288468412,0.3672066491385454,0.3189873016944903,0.4522151939535958,0.4582920519803694,0.3699129177756388,0.4270115908723834,0.2405757856468997,0.4499556825161532,0.3691439124103751,0.273778515875794,0.4324317032158081,0.564905831766727,0.5807196541530154,0.2892977620544452,0.2331071368955318,0.4729447180587035,0.450671972247929
40,1040_Schedule_E_STMT_PG_1,0.9976149431987564,0.8532425988037265,0.95,1040_Schedule_E_STMT_PG_1,0.1762681681393736,0.2949864139197318,0.3222559683818736,0.1732135607572477,0.2000636500802997,0.2134367160938037,0.2707526416082026,0.1346105780011318,0.3099051686496867,0.2643616864365012,0.5895794681247803,0.9976149431987564,0.8532425988037265,0.2067540405702755,0.1705090323188734,0.2945415524763105,0.2551027145990714,0.2551925816513841,0.2058624166232847,0.3839329132026219,0.1624400140655637,0.2896395430993521,0.2867402961843892,0.4577714163724348,0.3423912004467129,0.2545615952115809,0.3253673694211371,0.5040733036441953,0.3006699776027124,0.0914708064655828,0.1036032311765756,0.2366640288473405,0.2010391704688181,0.2085767183207386,0.1358686276488966,0.194174991108461,0.3147853835641396,0.2653649602396006,0.5023259515253634,0.5016378017191605,0.243915435330046,0.2925072139984049,0.2945226687721061,0.1923818045552588,0.2843600916627614,0.2469657851975407,0.2206108859008173,0.2066131250012271,0.2351009905145628,0.2384219630278943,0.2298699861715157,0.1680089587792012,0.37047565711691,0.1972864283700739,0.0987412829417607,0.3190119465275305,0.4423392687909168,0.4709925655845886,0.1788909610978256,0.3099051686496867,0.3921738574470176,0.4257278370406415
41,1040_Schedule_E_STMT_PG_2,0.9961719009771688,0.8553048506176051,0.95,1040_Schedule_E_STMT_PG_2,0.2133850569544508,0.3351881311158375,0.2816089128645427,0.1929386763212925,0.17127321786452,0.1998776023055003,0.2507596609657675,0.1461826108200399,0.3169685076431481,0.2202022250197854,0.5363325824790822,0.8553048506176051,0.9961719009771688,0.1974138837734478,0.194579225100626,0.2657810411404714,0.2633469892777933,0.2381104463606712,0.1969003163216607,0.3732530400211805,0.1681734826519315,0.2766902227975479,0.2756138335942164,0.4451256094599942,0.2882497384342213,0.2383461623788672,0.2988771125133871,0.4314391929116907,0.2566983784387159,0.1070640129598157,0.1202040455161638,0.2695106991588118,0.2339930588944017,0.2339643083291605,0.1862687187629335,0.1836099319452849,0.2876181908988741,0.2297536016640874,0.4338077956333146,0.4330545979686266,0.2321500454538743,0.299256405101576,0.252491734399814,0.2033005594962698,0.2781360530838088,0.2578705099888465,0.2030251236660775,0.2149830298641417,0.2261233230216386,0.2212992164036384,0.2146865315673733,0.1690375705875819,0.3044944849821029,0.2095466062197934,0.1267137761792382,0.2660658739039296,0.3799962799158564,0.4055351683141526,0.159643948302997,0.3140815107211888,0.3582654852068498,0.3703415146982302
42,1040_Schedule_E_STMT_PG_1,0.9964127464320598,0.8513405354344905,0.95,1040_Schedule_E_STMT_PG_1,0.1773070478615462,0.2955703953887834,0.3227331994942063,0.1742913037313702,0.2012059040320381,0.2147902082289583,0.2724490226319401,0.1354019902653913,0.3105240346173889,0.2593728421879896,0.5918497308201598,0.9964127464320598,0.8513405354344905,0.2080250613881174,0.1713731031999532,0.2971980629535464,0.2558071396294299,0.2569442209968843,0.2071428170362246,0.3850108782100802,0.1632827274661381,0.2917509584671942,0.2873256936682052,0.4618347735706537,0.3444039214764593,0.2563056733933407,0.324414327281475,0.5069057395727847,0.3028385140808002,0.0919243946912067,0.1040877033713386,0.23712491293865,0.201224347906896,0.2084563417820305,0.1366478996121642,0.1951952259276351,0.3138726105644419,0.2654919941758183,0.5045881075542809,0.5035334843957047,0.245210894267649,0.2926161085886236,0.2961368459058051,0.1922858516860539,0.2850279394697352,0.2474018069648614,0.2210976621018935,0.2060825018983625,0.2355686306605018,0.2386250961764518,0.2308450125020942,0.1678749617044083,0.3721463007279876,0.1985926198411948,0.0992245705303622,0.3177172724134177,0.4448590843465773,0.4732245402196766,0.1796360425259691,0.3105240346173889,0.3881320058462437,0.4180764166020193
43,1040_Schedule_E_STMT_PG_2,0.994266544826702,0.851159464113997,0.95,1040_Schedule_E_STMT_PG_2,0.2146876078891403,0.3364648441691142,0.2811734120113518,0.194132320723409,0.172157644635763,0.2010641808594739,0.2522511285109195,0.1470504975959232,0.3171704820277205,0.2128701676252268,0.5383985528306272,0.851159464113997,0.994266544826702,0.1985600864437317,0.1956220548730089,0.2683343745467836,0.2649910687402566,0.2396406261456461,0.1980325298902225,0.3748586100687882,0.169005198874379,0.2775678018421194,0.2763355870921957,0.4468421672920124,0.2898656397787033,0.23987594507553,0.2971921245049523,0.4335042497331255,0.2584150992092134,0.1076014768376099,0.1208121449538222,0.2703850719768834,0.2346703272642452,0.2345371482998784,0.1870241171365155,0.1846074466160123,0.2858820284455267,0.2296423334945391,0.4358752483839506,0.4345364797266835,0.2334630633324491,0.3000842537314552,0.253184431494328,0.2034530148537178,0.2788394746232994,0.258447177608824,0.2033820460143587,0.2143479469230667,0.2265808651982589,0.2213389625780405,0.2153171056550974,0.1693191976427724,0.305708131498113,0.2109435295128651,0.1273703202299386,0.2633455824241899,0.3816385040777122,0.4074786365081627,0.1603986380107086,0.3142597234134585,0.3528929731279736,0.3593020580092898
44,1040_Schedule_E_STMT_PG_1,0.99528336999221,0.8545068835546303,0.95,1040_Schedule_E_STMT_PG_1,0.1872027191629214,0.3088431427846064,0.33121811522139,0.1783970796080977,0.2030406253092507,0.2214954724444679,0.2858533369025501,0.1366382619533619,0.3128878312528732,0.2683685560046071,0.5998697773537408,0.99528336999221,0.8545068835546303,0.2143676635573483,0.1803454381484127,0.3063655504868222,0.2571582495879888,0.2658828592107861,0.2110651731428541,0.3841373216596202,0.1757290647829331,0.3072784777312439,0.2888055703013616,0.4798032895204687,0.3504437295270777,0.2643591525322499,0.3241134665029815,0.511182034697161,0.3063540596583801,0.0950527652167419,0.1077229623890072,0.2399132799037241,0.2034664095205736,0.2091796348180316,0.1508790349325037,0.1986735120553558,0.3135130055740222,0.2618061011617312,0.5091810801254969,0.5063621039032233,0.2476007306997549,0.2944959935329447,0.2973589440458278,0.1972869975078783,0.2877381851902518,0.2490532091713974,0.2218768592639936,0.2066001200616469,0.2365597416774999,0.2432317017368225,0.2313109049425806,0.1713940400154193,0.3752115981506405,0.2017436521900857,0.0999367683204398,0.3175921528885108,0.448216145309379,0.4774858121121713,0.1826274619261385,0.3128878312528732,0.398298281958005,0.4219504393235224
45,1040_Schedule_E_STMT_PG_2,0.992393486550268,0.8410047644261911,0.95,1040_Schedule_E_STMT_PG_2,0.2260672205843826,0.351803207061221,0.288428334966047,0.1979991457528221,0.1727466106971696,0.2075652812120383,0.2667586631950179,0.1476237907978017,0.3197118984707285,0.2215167880876784,0.5431825284819749,0.8410047644261911,0.992393486550268,0.2047468870110834,0.2059778813275825,0.2770236519284744,0.265424012345254,0.2484066766392691,0.20125561493815,0.3706963981225175,0.1837213108128569,0.2958880631798808,0.276630888646834,0.4673247449064353,0.2940518389098445,0.2475345037096109,0.2938341335726304,0.434508368168317,0.2595665405550512,0.1110643444346736,0.1248933262654022,0.2729707202541256,0.236899448006831,0.2348248260687536,0.2048887395453715,0.1873124458768032,0.2824602750235332,0.2226577148612397,0.4371639627035852,0.4334856391666221,0.2343605356930941,0.3007351181743549,0.2530300142128647,0.2087768931827128,0.2807390501193472,0.2595168981842112,0.2033082255357445,0.2143065181893168,0.2266300047421131,0.2251697937277529,0.2150465750791109,0.1730040388993413,0.3062909218751704,0.2132284163150732,0.1277964002077126,0.2600490375512813,0.3822669806898351,0.4086186556050152,0.1627409922460285,0.3167849688508446,0.3624109674413113,0.3595814027687315
46,1040_Schedule_E_STMT_PG_1,0.9943446304584912,0.84913738512285,0.95,1040_Schedule_E_STMT_PG_1,0.1770021304477649,0.2960713770196007,0.3268946551656724,0.1739300946990447,0.1992638517225352,0.2129298145517218,0.2716736845469567,0.1352250331267772,0.3100060043265638,0.2787446693359765,0.5900990984368246,0.9943446304584912,0.84913738512285,0.206199194967003,0.1712144595754632,0.2932931337726178,0.2564406969319478,0.2560231856870281,0.2050219743259043,0.3811967751009527,0.1630190808492725,0.2890528990392962,0.2876529930128655,0.4562841166370384,0.3433861960063,0.2553944468581385,0.3234132484424376,0.5048279410264297,0.2976924581899106,0.0919336726113977,0.102801919783768,0.2372870462176463,0.2000733448597764,0.207981341264547,0.1358919981563106,0.1948875398352665,0.3126795866590373,0.2567309895534986,0.5036357395964096,0.5012034972853524,0.2434298619076791,0.2940020031457515,0.2929067641729052,0.1926557969139665,0.2851202761480566,0.247573410390421,0.221102958387295,0.2087304595127859,0.2356859145794058,0.2409673706696002,0.2300607928019413,0.16897854758881,0.3712693571007774,0.1961293959068356,0.0993455849449618,0.3220059560621687,0.4428047160434778,0.4721595990784617,0.1779358592822611,0.3100060043265638,0.3897663465601725,0.4206026676953665
47,1040_Schedule_E_STMT_PG_2,0.9915985148937032,0.8532468364306198,0.95,1040_Schedule_E_STMT_PG_2,0.2142498572143903,0.3360357768784234,0.2876235643685043,0.1937311704662311,0.1718604137132955,0.2006654052348035,0.2517498882853972,0.1467588252999449,0.3171026041269228,0.2384540334606391,0.5367224932383463,0.8532468364306198,0.9915985148937032,0.1963854580114459,0.195271589164258,0.2660925559646993,0.2637118322880939,0.2391263758268888,0.1976520248056231,0.3690535345136549,0.1687256824824433,0.2772728722476777,0.2760930260741738,0.4462652805621337,0.2893225808586734,0.239361828206968,0.2977553653699646,0.4328102423105323,0.2528149760444335,0.1074208503692759,0.120607779863705,0.2700912199048451,0.2344427164445911,0.2343446329232991,0.1867702490236195,0.1842722100363479,0.2864624414257546,0.2180538099868002,0.435180435757049,0.4321268451295079,0.2330217950127254,0.299806037128427,0.2529516355149576,0.2048201997341266,0.2786030744600927,0.2582533758671579,0.2032620944680258,0.2172300580047321,0.2264270981622006,0.2240493740878822,0.2148746932557753,0.1692245507232898,0.3053002590939386,0.2098035294529783,0.12714967427012,0.2696944412325863,0.3810865988003078,0.4068254915979516,0.1601450080604476,0.3141998311480488,0.3548736230024922,0.364611884062251
48,1040_Schedule_F,0.8774999999999986,0.7231441740716942,0.8774999999999986,1040_Schedule_F,0.555631087563342,0.4124383045553079,0.5439842817302696,0.4488286989858325,0.3690531621271773,0.7231441740716942,0.5309463500694207,0.4200173004015292,0.1312890515485237,0.5699172827671155,0.3874372198299736,0.2098365511165205,0.2006631400808303,0.8774999999999986,0.4520706434528519,0.5064427092881046,0.3372822515430163,0.7145282023565618,0.4479758512394542,0.175066803163557,0.4686403461094226,0.329031563102267,0.1835667335921883,0.2224018366683598,0.1908590045321297,0.712983593616807,0.3178293987583247,0.2867518408188337,0.2822405518920233,0.3907978103761402,0.3700213956809563,0.3942109307348341,0.1178155487503846,0.2904695011100879,0.223168092306604,0.3326685264947404,0.3200899917221532,0.2780427915490557,0.2833331960139322,0.2539901528511118,0.2832696283002799,0.2208491108279557,0.2033886411855638,0.2587499178952511,0.1920211215280349,0.241524091172587,0.2094030219031913,0.2290802142518226,0.258429033404901,0.2977386741899939,0.1489386685509399,0.1162864938769026,0.1657463137908654,0.4584181478535188,0.4453013140024113,0.5427776167418981,0.3952517266686402,0.3484098080658097,0.2065435038415124,0.1312890515485237,0.2185395741950647,0.2234587359698465
49,4797_PG_1,0.8772083976630394,0.6328435135798872,0.8772084834994494,4797_PG_1,0.4715718106608533,0.3782174874297949,0.4754095680615789,0.3879860486655976,0.4986507116399186,0.5447642358995544,0.6328435135798872,0.5413804949251986,0.1597138579284661,0.5203830027945064,0.4450516729211203,0.2989214398543481,0.269939004579278,0.5065975165881698,0.5334372904523889,0.8772083976630394,0.4377891460759595,0.4976366632806438,0.4294701022282556,0.3070020334917728,0.502255696245989,0.3721547261551785,0.3566319102178286,0.291065299590066,0.3399398316145566,0.4976054562036942,0.3623596463030207,0.4108523938838543,0.2890085474904681,0.3518018043331741,0.3510933984724654,0.251171517566902,0.111811295624103,0.2159124078191741,0.2537572242320127,0.3473102131871318,0.3624458674023478,0.3133811169699116,0.4067958715970612,0.3725229233686036,0.4026473444028857,0.3318788904465678,0.2049504556588087,0.2239823589986425,0.1712539371339459,0.208998885393245,0.1609069330571011,0.1957618494254235,0.211580273231561,0.5189187191485192,0.221469985657284,0.1598167648476691,0.3945908867803782,0.5155111987293599,0.4997814413810557,0.5811950522194876,0.4205395905780171,0.3994232472553119,0.3205311254801181,0.1597138579284661,0.2883702467110345,0.3473978023482932
50,4797_PG_2,0.9993496624159486,0.4683204562421407,0.95,4797_PG_2,0.286616000374569,0.3961095158674689,0.2483865453920033,0.2383101787765486,0.2857187665743929,0.3416884250441759,0.2849523098180176,0.2626237695354506,0.2197582626187063,0.3548997066144381,0.4102497846175187,0.2551142485885946,0.2621600516815415,0.3367673714247686,0.4683204562421407,0.4367073029528736,0.9993496624159486,0.2995935990567472,0.27962757513809,0.2995243344610803,0.3263372501681734,0.4048418956069907,0.3636153069471776,0.2240456280352158,0.23559171821186,0.2988077164136835,0.2648027468427807,0.3653792090550213,0.1355571955767234,0.2160149510134922,0.1997990893932404,0.4016124269416822,0.2000653619668707,0.282370506033625,0.1732984170343173,0.3236734119685718,0.2592145290968276,0.2726857297417836,0.3702533516558742,0.3550987758981145,0.2701393948931297,0.4171449558911124,0.2652664647862645,0.2325548599744937,0.2924586659486043,0.3604972793604251,0.3113112771479218,0.3229816458917386,0.3178914654249985,0.3528578187402283,0.3682123999451963,0.206102930055351,0.3335647282734054,0.2460609819183546,0.2980636342221442,0.3356480630373922,0.4512641857012973,0.4047767000230677,0.2310817023616397,0.2197582626187063,0.2423972075225893,0.2129852923939592
51,4797_PG_1,0.8772101143912383,0.6335566068176701,0.8772084834994494,4797_PG_1,0.474216451542029,0.3859786341873085,0.4750044242466062,0.3893008398346366,0.4977265692186844,0.5440907912501185,0.6335566068176701,0.5439295916569984,0.1593977813176987,0.5193349376093612,0.4446812052107322,0.2995184326978445,0.272658055049479,0.5060102093125991,0.5360793170960645,0.8772101143912383,0.4382227502787968,0.4997326385800975,0.4299821849721585,0.3065430545834712,0.502878371477743,0.3722514964877561,0.355788007843941,0.2975212839614232,0.3444710691984711,0.4996922541883573,0.3656218220790588,0.4110564170801623,0.2884551936854267,0.3525184397807277,0.3532513579083044,0.2620350577535099,0.1250337146522483,0.220435403314987,0.2618175942406143,0.3484411722670005,0.364710823783447,0.3139629086371425,0.4070179747863288,0.3722539031203296,0.4057788478577306,0.331305331856768,0.2045791562379187,0.2255033700359331,0.1717252303409431,0.209903247329707,0.1619222209777958,0.1958554823225838,0.2115400174902805,0.5202985342203886,0.221370102692983,0.1604301752732951,0.393545662420217,0.5279445153910192,0.5049507258909256,0.5817420536219371,0.4214460646371983,0.4002581590240608,0.3207888603349822,0.1593977813176987,0.2910058128252434,0.3497792868895402
52,4797_PG_2,0.9993501927949004,0.4726640419218858,0.95,4797_PG_2,0.2913326716202234,0.4076649955163752,0.2493585502509944,0.24020499916507,0.2846962549472809,0.3419446296218921,0.2870478283423249,0.2679618239462346,0.2213966034404001,0.3546826753877174,0.4101313578562633,0.2579532270412714,0.2676128790952721,0.3371653237051634,0.4726640419218858,0.4388606022772317,0.9993501927949004,0.3035507123960321,0.2801214452627135,0.3009894681906773,0.3276382347273928,0.4060851381151967,0.3639967207681508,0.2354010546858375,0.2403932439099572,0.3027781914847359,0.2691038605763081,0.3663098095208542,0.1349336028577683,0.2170141625527164,0.2037658197803942,0.4167329002009584,0.2185745658255578,0.2895035972635601,0.1853814076189706,0.3238698109875115,0.2611113292692726,0.2737165837533677,0.3710602899737167,0.355193531467844,0.2737339891570893,0.4173871571434708,0.2662065174633576,0.2330932871856529,0.2929047603630982,0.3614565631960686,0.3124167580444247,0.3229194540380532,0.3176955468728573,0.3538629571051265,0.3689959238945248,0.2054984305308641,0.3328935959099988,0.2627117093786373,0.3063369799446948,0.3376996463560835,0.4541357394847486,0.4079603676939289,0.2302813893111637,0.2213966034404001,0.2480716559351063,0.2191223740770287
53,Form_6251_PG_1,0.8774999999999985,0.6604385633960446,0.8774999999999985,Form_6251_PG_1,0.5128136472917851,0.4229920209639576,0.5293497677226003,0.4534469099685091,0.4852957363957525,0.5045641710408004,0.5087419344083083,0.5471957915192118,0.1546475267214923,0.4512821587887443,0.3691439124103738,0.1994366045328542,0.2125707360430502,0.4584181478535187,0.4325436919613138,0.5218811985319816,0.2546545987955871,0.5391140134262633,0.4111633855679662,0.3222377712194016,0.4082472343351007,0.2784487529272939,0.3711400612489237,0.396760534914474,0.3047064242433188,0.5383897766346588,0.3619273130039535,0.2664851796706995,0.2427854030417805,0.4032429855176962,0.4428064080883079,0.3603945210495167,0.2552990873082674,0.2498418739335424,0.2664516333686818,0.3560179556317939,0.3529008674448799,0.2542889124141475,0.258086275162301,0.3495416031354499,0.3889490443549602,0.2540716402707565,0.1683719221255188,0.2430446851456172,0.1917436764745163,0.2110543073893611,0.1688486912174443,0.2302269462557035,0.2309995895299028,0.3328985783436528,0.1612644955364197,0.1277709392879554,0.3052100487649576,0.8774999999999985,0.6604385633960446,0.4763044737404485,0.3100324700918508,0.3788564065739311,0.336197922764528,0.1371598128649723,0.2806956100473649,0.312130932825177
54,Form_6251_PG_2,0.8774999999999991,0.6604385633960459,0.8774999999999991,Form_6251_PG_2,0.4940563629662468,0.416826038434671,0.3948444284361463,0.3813218281213383,0.5532370553393571,0.4676912830438437,0.4399023240369198,0.5938984504990897,0.2429935680056474,0.3836229508051524,0.2737785158757938,0.0997339574069028,0.1280523296056189,0.445301314002412,0.4157701742971573,0.5025083720551481,0.3024987576799969,0.478297552500561,0.3685906145716251,0.233314839472594,0.3522736727666207,0.247546697582104,0.4190555542454678,0.2353161575607862,0.2203537180652708,0.4787517230741753,0.2819558578526298,0.2069792153434292,0.2056325321507612,0.4641692356316212,0.4707945503290641,0.3413192748717786,0.216709246843549,0.2963466401754176,0.224476777261786,0.3135973845823422,0.2756274572103778,0.2924139675525452,0.2008038744741461,0.2547682092961293,0.4092442410465908,0.346848088548902,0.1587717443758778,0.1768695893127471,0.1389380959828947,0.1671786160542487,0.1459070695870491,0.2237606300649678,0.2390391033770161,0.3286796804439964,0.1486172621725935,0.0810325406414265,0.2651812981034352,0.6604385633960459,0.8774999999999991,0.5038221000583366,0.2633474424119444,0.2990076404293423,0.4104912773191388,0.2350097460179118,0.1987795559760827,0.2371449756494265
55,ALT_MIN_REPORT,0.977099322990488,0.5254748157288334,0.95,ALT_MIN_REPORT,0.2289655621135706,0.2975232246793314,0.3288697588764786,0.2295985881146122,0.1607745941893115,0.2586901198662156,0.3707258723916461,0.2593059773729998,0.3188703142971107,0.2475810355493854,0.4088174423390408,0.4975214661226046,0.471355424905668,0.2130408442935928,0.1570408565370866,0.3357229394045599,0.2260863708245345,0.2799459569413119,0.1832576512778032,0.5254748157288334,0.2529333408617764,0.3819651567285151,0.2788490615366332,0.977099322990488,0.2687777436498524,0.2741384418418802,0.2755700730549466,0.3943614501522093,0.1565522921080229,0.1083862429175592,0.111578196766934,0.1979838944124278,0.1620223078895694,0.1370733867685994,0.1844260087828343,0.228735619769384,0.2705853911327313,0.1825611778726004,0.3563083525903446,0.3871862804145429,0.1830523129133682,0.1467057861135847,0.2147485994852314,0.1879923660373681,0.2426559124975729,0.2247276989034389,0.1495224745389892,0.1882214643087204,0.1867637207971966,0.221202421635286,0.1977032750319079,0.1323848900073839,0.2978636633501869,0.39167381243043,0.227929317223528,0.2244202943108349,0.3617840797383239,0.4016542861664594,0.1419618447051678,0.3030455147358803,0.368949115806033,0.4135857598213989
56,ALT_MIN_REPORT,0.9753733976708974,0.4884479300215392,0.95,ALT_MIN_REPORT,0.2500915490957874,0.3222002954720774,0.3538951391467473,0.2572493154600572,0.1586695296668472,0.2464326115671034,0.3016520642073416,0.226388513917438,0.3399194121353522,0.2472501382347252,0.3745011337317832,0.4134500690136933,0.4161907948719865,0.2172721284049031,0.1762205447401494,0.233027293460768,0.2227993205379168,0.2892823959237527,0.190250158050196,0.4884479300215392,0.2659652024630624,0.3861518298556597,0.2748913509301681,0.9753733976708974,0.2199612377791448,0.2816545975256327,0.2553257779778372,0.2923140170895985,0.1483600057338825,0.1140927351303072,0.1247013449560135,0.2071615762860275,0.1661213308174288,0.1451928601948106,0.1955708276056402,0.2200572486382826,0.2498900813257094,0.1818842456096672,0.2611201668710861,0.3422420807030236,0.1684909259253779,0.1429689832218368,0.2093906158405183,0.1944937435291781,0.2571189157289205,0.2301615784166229,0.1656798557589684,0.1928910683612565,0.1874961069543855,0.1617928716130889,0.181260608209422,0.1227290362531723,0.1810540350289597,0.3764812551296765,0.2273516972897476,0.1894697165804534,0.2997740728718125,0.3607797744759253,0.178651259624578,0.323408126437904,0.3505426149255126,0.3652296949833123
57,6251_PFT_LOSS,1.0,0.5214680081419087,0.95,6251_PFT_LOSS,0.1842739697608293,0.3477170903518619,0.2707451602237203,0.228938273314437,0.1923967967489703,0.2373396565486197,0.3672897726708053,0.2706053689715524,0.201395778071966,0.2320705832618519,0.468552788977139,0.3849316806600958,0.3738919831035383,0.1750668031635573,0.1246506216475235,0.306884232165868,0.3004111463277715,0.2133465238985799,0.1461224448188535,1.0,0.289369751443401,0.3684785467719229,0.3535510741579215,0.5214680081419087,0.3700917767509207,0.2131191530425771,0.2895772687836002,0.4046281774738044,0.1495429631546725,0.0877509280969063,0.0968757438139581,0.2083029086057121,0.1653528712342678,0.1843954432871121,0.166277001494752,0.2202548647218323,0.2809371907038049,0.2824768350396375,0.40062947645699,0.4855881153754704,0.2426059639278053,0.2565892029366847,0.2072412046911844,0.2261072111202968,0.2363281561241104,0.2422418670258561,0.1822235243383116,0.2269411949252424,0.2186664431798976,0.2741474223778273,0.2236232741921341,0.263041259389433,0.3673240345246507,0.3222377712194021,0.2333148394725938,0.216359895268635,0.4106571200921221,0.481132627158142,0.1825983744528057,0.1842300882906554,0.4368744260634959,0.4850220829041624
58,4835,0.8775000000000017,0.8758047381077729,0.8775000000000017,4835,0.5725942864094402,0.4428411090930312,0.616099267794438,0.4970485518686104,0.3800631892722327,0.6419614561822122,0.5135315921602149,0.4388279197294781,0.1446607809963715,0.5870099747124244,0.4250104020418763,0.2598276694898512,0.2431792207101382,0.7145282023565604,0.4421849713373356,0.4988215111536739,0.3018682016677631,0.8775000000000017,0.4626664182108829,0.2133465238985792,0.4444943877209365,0.3111926237376944,0.2092661720028039,0.2938098999565988,0.2183265300375417,0.8758047381077729,0.3267995020948983,0.2754470018842309,0.3778615514749143,0.3982035882232796,0.3914522315230233,0.3758746008857282,0.155419388998415,0.2928141495644735,0.2461948173587692,0.361327209259779,0.3255318204680726,0.2631737250038499,0.2695828870272952,0.2670197060457484,0.2982807093937862,0.2192140464822423,0.1907858633808443,0.268312522968939,0.2152891407132499,0.253799364721928,0.2071184211862548,0.2245020378813351,0.2465958251109569,0.28435007902861,0.1394808471949449,0.1110188993884044,0.1790261714082478,0.5391140134262629,0.4782975525005598,0.504375702341578,0.374068059479385,0.3366282954163672,0.2736828532842549,0.1446607809963715,0.2548178163310124,0.26112719746716
59,4952,0.8775000000000011,0.6490387955714374,0.8775000000000011,4952,0.4239702229408728,0.2887717205560422,0.4099876064679963,0.3607743139540875,0.3878002753400836,0.4593026706220455,0.4105839324487993,0.3553337380167866,0.0854415689485519,0.4043733488927221,0.2569538194903517,0.2082359495334602,0.1998325840291476,0.4479758512394548,0.4242203353582796,0.4298308027412761,0.2801350814609863,0.4626664182108838,0.8775000000000011,0.1461224448188534,0.34079823948185,0.2081897164995437,0.2332939234960253,0.1926340107442908,0.220738492112054,0.4628099670873641,0.2526950264180451,0.1735672668701909,0.3037354009765013,0.3092565282948706,0.3024579957066439,0.2556414593645122,0.1072779201109645,0.2181454490118429,0.2007672128082475,0.6490387955714374,0.2522357495368529,0.1723667344909496,0.1696019255789521,0.1791836416314015,0.2550636975273131,0.1863424097005947,0.1548357672571099,0.1933205627097239,0.1395212820738659,0.1781043024983163,0.136994764136386,0.1650097224768927,0.1604428557721205,0.2382828909151862,0.1263339811985643,0.1068294733544811,0.1291720512779963,0.4111633855679666,0.3685906145716248,0.4323667317336845,0.2738103854438989,0.2333452813010091,0.2447072696632772,0.0854415689485519,0.1733983483705818,0.2010706578626506
60,8960_NET_LOSS_COMPUTATION,1.0000000000000009,0.696119508246829,0.95,8960_NET_LOSS_COMPUTATION,0.2141259341622843,0.3516883102969704,0.2143711754558508,0.1859773219503803,0.696119508246829,0.2513059463962517,0.2642910400175345,0.3359521514509145,0.2153161214563294,0.2041428838883937,0.3913936286883734,0.2883497548129567,0.2770434082435306,0.1835667335921884,0.2408686698134355,0.3563355238480885,0.3640316118747733,0.2092661720028042,0.2332939234960252,0.3535510741579213,0.1999504843865169,0.3213952693715907,1.0000000000000009,0.2836143167895217,0.4551534133430361,0.2095854018824727,0.3376587134994712,0.333919639932581,0.1285243361769608,0.2445920418353315,0.2429303644343572,0.2772085626863684,0.1956569861857934,0.2336120542497575,0.192853821670064,0.291727353756134,0.3299856386383333,0.2534772098865491,0.32782501256612,0.4061771842776808,0.5767198560607052,0.6583441143366985,0.2844739291101895,0.160574548298,0.2401996403361305,0.2584037648164087,0.2016032970562479,0.2886399671096391,0.2730241504627586,0.3282467966038573,0.2815210716872807,0.1881736017275512,0.4417698424006095,0.3711400612489239,0.4190555542454671,0.3626007896999896,0.3278064883358061,0.4068604068430335,0.512354485569864,0.2153161214563294,0.2684402553826169,0.2604320866767018
61,Form_8582_Pg_1,0.8771338097510334,0.581357102285761,0.8771341077754887,Form_8582_Pg_1,0.4703057356613631,0.342293155884507,0.4785399221947143,0.3381935710506525,0.5382969580759327,0.511203693172481,0.5072802781921033,0.4637480090691626,0.1643422583043552,0.533275653519027,0.4326372819358186,0.3209023475890532,0.2656839313767434,0.5419043283981703,0.4687956082463106,0.581357102285761,0.335579110029993,0.5024365449366928,0.4311766134081082,0.2165363313437923,0.4173516793515468,0.2791930956248542,0.3636498265439385,0.2105829646616911,0.3275931897277959,0.5023193524667044,0.5786760138167524,0.4791674993505074,0.314152555274215,0.3985376387915581,0.3781445585100013,0.2889259956860363,0.1010867981888496,0.2447788435774534,0.2199020827999586,0.3230105941625095,0.5802988175266913,0.3664598983858554,0.4778625840690483,0.3827016711112095,0.437884801832221,0.3720143374551997,0.2283153148005506,0.2398375895504234,0.1772693427613126,0.2009943394704328,0.1618451311444019,0.1924110612303116,0.2161729079872694,0.370067927038671,0.1767929338125712,0.1452500719959245,0.3043876001156089,0.4697773768035524,0.5012353593979026,0.8771338097510334,0.5065162479566047,0.427892649854322,0.3256079719847128,0.1643422583043552,0.2458701786081439,0.3380819156434765
62,Form_8582_Pg_2,0.9986284674461006,0.6720509296487763,0.95,Form_8582_Pg_2,0.3224433217844795,0.4303286641212134,0.3435076711529415,0.2527971309787349,0.2816601585721331,0.401986038868915,0.4020530496072937,0.2871294137565104,0.2221494039365076,0.3690029634036096,0.5685240125857436,0.4485983365589823,0.3840742356095263,0.3949682857144292,0.2751579889289721,0.4222222419084162,0.4537100180619363,0.3720356676025649,0.2727055543466972,0.4149151083086598,0.3300451816567661,0.4295712002911943,0.3301963669174558,0.332027192456276,0.3442419979397642,0.3722901296025565,0.4091545679739479,0.6720509296487763,0.1592490903290033,0.2108145032000817,0.2005786387625953,0.4370345605257988,0.2127748536658882,0.3344243768394425,0.2053375116367913,0.2959560969672768,0.401222555856833,0.3424785747285735,0.6692490028180186,0.5373609686744972,0.3140566972021356,0.3705492309247251,0.3455812859806094,0.2676876022558001,0.3022982389573548,0.3525119086081595,0.3002989657868252,0.2996250691413419,0.3242626440494029,0.3401359907500749,0.2859044646723457,0.196299754519807,0.4243895503799675,0.2996428596020839,0.2590034270029464,0.5085626355168603,0.9986284674461006,0.6278804794980699,0.198929696121309,0.2221494039365076,0.3426284474418283,0.3890114794772303
63,Form_8582_Pg_3,0.999246085189943,0.9213302802188132,0.95,Form_8582_Pg_3,0.3107486205315511,0.4191278907859527,0.3905233427972094,0.300944072242901,0.3015407493933818,0.3770821968231695,0.3954902201341689,0.293561470611525,0.1897991566158172,0.3536468727422288,0.5806316267342412,0.4746534800149344,0.4070388794281452,0.3484171564844963,0.2279316339745988,0.3988381580258925,0.4056580252081283,0.3344930413299348,0.2326256038744426,0.4815092093370476,0.3289229562705676,0.4113068256407612,0.4071127779882403,0.3862827066113073,0.3640962336502355,0.3346512990631421,0.4190343691740307,0.598884368967514,0.1497566633403189,0.1868961440661511,0.1998432151612977,0.3840713755185723,0.2011832587613268,0.2645751276476829,0.1903144849510193,0.2927549873906512,0.4117917446679851,0.2831808610050572,0.5940036592918302,0.9213302802188132,0.3201944656926133,0.3731825247679571,0.2968715344834635,0.2677535149961291,0.3032119388266966,0.3211562094389247,0.2858650719731556,0.3047846257746427,0.3220044090277388,0.3239899296058383,0.2447622684731926,0.1733955073750637,0.4421356541429877,0.3684148532878383,0.2942383732937942,0.4278945279178181,0.6248311325880034,0.999246085189943,0.2531218996357463,0.1897991566158172,0.3496152485907656,0.408772892118174
64,Form_8582_Pg_1,0.8771397702401411,0.5822128916975648,0.8771341077754887,Form_8582_Pg_1,0.4745241536936079,0.351749883528013,0.4781417149045195,0.3398077237422903,0.5370367254536506,0.5126514207862513,0.508759701133409,0.4655375689042235,0.1634499476693131,0.5322553573013011,0.4318525429173684,0.3201622376039482,0.267495227618958,0.54324773227334,0.4720249091948299,0.5814881137526636,0.3380690680316897,0.5059380476123614,0.4332795963435829,0.2160304916157993,0.4197451976937624,0.2811847307627075,0.3612570259341797,0.2167714868824565,0.3326086032669941,0.5057977885008675,0.58159924037615,0.4773115046356898,0.3121601998478069,0.4007001657311464,0.3807697718644017,0.304120158527738,0.114975077824211,0.2512049340232586,0.2294787038433184,0.3280886504386623,0.5822128916975648,0.3673583026099912,0.4760084016568625,0.3806481342529209,0.4420525568445999,0.3716920646480502,0.2288483910067915,0.2441323950589219,0.1780206733304942,0.2030962028317182,0.1636910314822472,0.193259846797175,0.216996053493977,0.3732816867559812,0.176742753994837,0.1469510651939871,0.3020800175557572,0.4824419064617106,0.506015574732275,0.8771397702401411,0.5099685504036912,0.4291983372478102,0.3260418666129075,0.1634499476693131,0.2479237822937696,0.3396615473387403
65,Form_8582_Pg_2,0.9986796259343728,0.6620864947719404,0.95,Form_8582_Pg_2,0.3275031653668395,0.4421213773170709,0.3399417118089456,0.2534526258228362,0.2790503504455801,0.4000940145888444,0.4012776995448847,0.2889164985034025,0.2209209792522258,0.3645210684400443,0.5596959345743808,0.4426308572155898,0.3813623132003635,0.3941906000968471,0.2803229316814502,0.4187186599208632,0.4509797725690976,0.3747765005227331,0.2739899341543089,0.4053530585201104,0.3308988574441266,0.4326326078790188,0.3246275264547741,0.3449102405507365,0.3441158398438974,0.3750273420520305,0.4093741815875025,0.6620864947719404,0.1560001144011462,0.2141733177705694,0.2058123076101618,0.4573673135115957,0.2341575109705748,0.343934763159932,0.2193098408362522,0.2984086815886694,0.4000092212203569,0.337269830147299,0.6576378410896568,0.5269219811727666,0.3156165290206532,0.364738830458703,0.3456612894619126,0.2670094999113415,0.3002384645825423,0.3518497081575426,0.3000152737471242,0.2978659556616632,0.3222546616956657,0.3376352631004826,0.2842365465474224,0.1923669097764599,0.4157313798037216,0.3191070170354822,0.2666636275432474,0.5067329416617309,0.9986796259343728,0.6220807167199763,0.1947785176298833,0.2209209792522258,0.3406855609628243,0.3875456990955762
66,Form_8582_Pg_3,0.9992530323749284,0.9196049434015868,0.95,Form_8582_Pg_3,0.3154352044633464,0.4319325934923309,0.3898325729238236,0.3032359869476196,0.3004441462545529,0.3761493623343807,0.3970655760090399,0.2986322419692901,0.1897059678994376,0.3522204497068062,0.5798842349961514,0.4753664218855582,0.4113340117463742,0.3477205502587085,0.2330921863255838,0.4003483512647553,0.4070635027009072,0.338083095622079,0.233647096260477,0.4800106944491207,0.3297103635590815,0.4116931118298533,0.4061085299394493,0.3964871568811987,0.3697236795197897,0.338240421720577,0.4225120997668514,0.5988608590920458,0.1492685221651966,0.188506436572066,0.2037161459889881,0.4013990141601516,0.2225312123143024,0.272133417323235,0.2030999143368666,0.2931931766945765,0.4136239341664252,0.2832143635694095,0.5940166516934505,0.9196049434015868,0.3239283746014295,0.372267197019524,0.2962988410460567,0.2685497366185219,0.303881051156334,0.3225807883828858,0.2874727123919802,0.3048911711616934,0.3219203442597622,0.3255806646473645,0.2449218761743345,0.1731348285090051,0.4408111373068509,0.3884579182013792,0.3031695932676295,0.4287473770812279,0.6259254255981996,0.9992530323749284,0.2523432473418814,0.1897059678994376,0.3537931233165322,0.4124503764640957
67,4562,0.8774999999999995,0.5349094307288592,0.8774999999999995,4562,0.4651038562602657,0.3455333955638809,0.3994646335209858,0.3576841928816949,0.3918932693850531,0.4818865674204136,0.4367645376478791,0.3595462699991013,0.1307181422363536,0.4854332898034104,0.2899678868012583,0.1740470235096271,0.1991323089060677,0.4520706434528523,0.8774999999999995,0.5349094307288592,0.470900513211258,0.4421849713373365,0.4242203353582796,0.1246506216475235,0.4146735258163202,0.2814432307312037,0.2408686698134358,0.1716985940923016,0.2384711027633836,0.4410668203194448,0.2759986344739222,0.250963081245621,0.2502290570215094,0.3529799385755027,0.332016796365649,0.2973624071328796,0.1614310987862446,0.2145474152025056,0.262360468037885,0.3215199209644254,0.2719803978928646,0.2286851213824699,0.2481789295559857,0.1917910597307938,0.3216943575836176,0.3084152964554563,0.1766523482954281,0.1898469651504767,0.1555682940641665,0.1888143270037378,0.1595485591187569,0.1691431824210501,0.1783822440583475,0.307390550907087,0.198646064084955,0.1262781171578047,0.1507401642940883,0.4325436919613141,0.4157701742971573,0.4705725439414903,0.2782211711357686,0.2307256579196948,0.2325493851018287,0.1307181422363536,0.1961296117290268,0.1695668001840056
68,1040_Schedule_A_NET_LOSS_STMT,0.8775,0.6961195082468298,0.8775,1040_Schedule_A_NET_LOSS_STMT,0.3918453887395287,0.2829603682077108,0.3787021469483687,0.3268213407099961,0.8775,0.424754438282399,0.3937345089473052,0.4424129651711075,0.1098776816490085,0.3650099442855452,0.3096492055005954,0.2017953349167388,0.1730801510375545,0.3690531621271776,0.3918932693850528,0.498325956657946,0.2854647834020062,0.3800631892722332,0.3878002753400836,0.1923967967489703,0.3302971876128037,0.2244082190463855,0.6961195082468298,0.1648994370653124,0.3982276244982891,0.3802677991630322,0.3123954184405911,0.2277184059538263,0.2674737109126902,0.3921625507291612,0.4006972673604684,0.23179657299406,0.0773652141994038,0.1598430408013985,0.164476840823908,0.316339770132064,0.3139710800851697,0.2557658363081027,0.224389005547074,0.2692488973064014,0.6095491494387789,0.5506119655592258,0.2135767349396731,0.1666381422873325,0.1313821079197118,0.1670740656782535,0.1120693641035126,0.179025388898909,0.1774217353778588,0.3399170496570358,0.1716105077172945,0.1153605540283865,0.3200950400368335,0.4852957363957528,0.5532370553393569,0.5378554729925485,0.2807942473902899,0.3012651690820067,0.5350513759730929,0.1098776816490085,0.1657900269610712,0.2333700999357308
69,ALT_Tax_Loss_WORKSHEET,1.0000000000000004,0.4598309618819921,0.95,ALT_Tax_Loss_WORKSHEET,0.2038248003738417,0.286388406028406,0.2761479653948773,0.1862401087516387,0.3982276244982892,0.2322063518814794,0.3131032871411774,0.2041387937628672,0.134846090127874,0.2524906612080504,0.3911217595841663,0.3467701624454169,0.2923313627530094,0.19085900453213,0.2384711027633835,0.3423166505276119,0.2382112736104157,0.2183265300375421,0.220738492112054,0.3700917767509207,0.2557065655281059,0.225447271822578,0.4551534133430364,0.2519912710256631,1.0000000000000004,0.2163053912629378,0.362926922868158,0.3671498610930042,0.2018437331416811,0.1305093544298179,0.1613459556307809,0.1789954207123371,0.130580705619011,0.125659243485915,0.1825275803808757,0.2960607263775008,0.3633915937366369,0.3048057163159601,0.3688521358029903,0.384524641048061,0.4598309618819921,0.3645044913794713,0.1993692245458539,0.2535796641185035,0.1845979951069832,0.1808980978128211,0.1600366780450944,0.1571368312593452,0.1700439198420996,0.3647737986522769,0.1651959354068639,0.2605603563040923,0.2913579108919943,0.3047064242433192,0.2203537180652707,0.3302229471031874,0.3447212763077943,0.3672381696290517,0.3584722529602622,0.1198218938562527,0.2871161523782105,0.307040309050442
70,NOL_DEDUCTUION,1.0000000000000018,0.5703351728182666,0.95,NOL_DEDUCTUION,0.2506801227763075,0.3139220906535312,0.2924230185985839,0.258415552154319,0.5350513759730933,0.2226511797419798,0.1942320279146469,0.3242187046431279,0.2559412470922734,0.2148913826553214,0.289297762054445,0.1805079180173413,0.1616475491125639,0.2065435038415126,0.2325493851018287,0.320764188258256,0.2308838284597335,0.2736828532842557,0.2447072696632772,0.1825983744528057,0.2070230966855512,0.1818691912101639,0.5123544855698644,0.1652362520843751,0.3584722529602622,0.2705721491225762,0.3371769922357488,0.1785497884874674,0.1634987647664252,0.2253661431735469,0.2755830946867637,0.1672695649242646,0.1319265933772262,0.1854671574939299,0.20326692312278,0.4019241915878785,0.338980842813097,0.3279576867213286,0.1778549656550138,0.2537687504249165,0.5703351728182666,0.4451519053491575,0.2291769824943271,0.2489337438171938,0.1507229497658167,0.2043985841302653,0.1560617217295993,0.1904943739945466,0.1697745396608028,0.3747927007317507,0.1466742597273464,0.177755055017748,0.2704147945743018,0.3361979227645285,0.4104912773191382,0.3259457743866017,0.197151596047955,0.2529262215148307,1.0000000000000018,0.2559412470922734,0.165348397287055,0.1906202738554644
71,NOL_DEDUCTUION_STMT,1.0000000000000002,0.9905368516833488,0.95,NOL_DEDUCTUION_STMT,0.1126753628212576,0.3083067445764121,0.0771628378311589,0.0815009675036747,0.1098776816490085,0.0777181960396519,0.1031331786231942,0.116901293200653,0.9905368516833488,0.0992586423902526,0.2331071368955317,0.3110758199359315,0.3150500343384395,0.1312890515485239,0.1307181422363535,0.1596025230752127,0.2206911258659968,0.1446607809963717,0.085441568948552,0.1842300882906554,0.1050776066227563,0.2242726899218651,0.2153161214563294,0.3162078175769019,0.1198218938562526,0.1421911252351379,0.1066688954166859,0.2050759193665359,0.072425283536844,0.0648528422675241,0.154349429400798,0.1726586978983783,0.205973104268064,0.3453094212200689,0.1317608105987543,0.1204361460926621,0.0986745069385948,0.3022071716469194,0.1983446210550698,0.1868889608833246,0.1256468130126117,0.2136637577951637,0.2421373109643394,0.1241518428526351,0.1995994420582276,0.18927978632369,0.1877845956565222,0.1999523809951239,0.2140654636702601,0.1710283320713501,0.1906169539189608,0.1290211901779784,0.1642908359615301,0.1371598128649725,0.2350097460179117,0.1639508145622325,0.2217432556965195,0.1897757379563522,0.2559412470922734,1.0000000000000002,0.1768081536191086,0.1302146501146641
72,1040_Schedule_D_STMT,1.0000000000000004,0.9905368516833488,0.95,1040_Schedule_D_STMT,0.1126753628212576,0.3083067445764121,0.0771628378311589,0.0815009675036747,0.1098776816490085,0.0777181960396519,0.1031331786231942,0.116901293200653,1.0000000000000004,0.0992586423902526,0.2331071368955317,0.3110758199359315,0.3179856651760047,0.1312890515485239,0.1307181422363535,0.1596025230752127,0.2206911258659968,0.1446607809963717,0.085441568948552,0.201395778071966,0.1050776066227563,0.2242726899218651,0.2153161214563294,0.3328815513181303,0.134846090127874,0.1421911252351379,0.1066688954166859,0.2050759193665359,0.072425283536844,0.0648528422675241,0.154349429400798,0.1726586978983783,0.205973104268064,0.3453094212200689,0.1317608105987543,0.1204361460926621,0.0986745069385948,0.3022071716469194,0.1983446210550698,0.1868889608833246,0.1256468130126117,0.2136637577951637,0.2421373109643394,0.1241518428526351,0.1995994420582276,0.18927978632369,0.1877845956565222,0.1999523809951239,0.2140654636702601,0.1710283320713501,0.1906169539189608,0.1290211901779784,0.1642908359615301,0.1546475267214925,0.2429935680056472,0.1639508145622325,0.2217432556965195,0.1897757379563522,0.2559412470922734,0.9905368516833488,0.1808033741081678,0.1312000830576196
73,STATEMENT,0.5958487643648214,0.3261911149431412,0.3809916474414604,STATEMENT,0.1171582537631199,0.1608440660433849,0.1820659678691304,0.1004329072954413,0.1238742630038222,0.1296994761690915,0.280047192562279,0.1588592326905139,0.0696128816261108,0.1882261068470825,0.316336603571935,0.318417484350897,0.2464832632575102,0.1090504424604358,0.0963356070170185,0.2785579361560617,0.1190407614553291,0.1008247197125972,0.1222897125448807,0.3261911149431412,0.2133031569283552,0.2047549989603045,0.0871679531020305,0.2154476977969135,0.2364538709117318,0.0987519380887743,0.1721359715701075,0.2658637617003993,0.1852334089309645,0.0670433204753217,0.0828662890489225,0.0723561077464901,0.0461777431817564,0.0545813833785239,0.1201563210044634,0.0999518454250228,0.1697102687076745,0.2040768085093718,0.2689894017967184,0.2386012539713761,0.1242213038659392,0.0838195147145495,0.0775241505085098,0.0904708681583859,0.0520969845739647,0.0486335605099903,0.0430672302185591,0.0421055710957887,0.0419200474370191,0.1912294806283798,0.0706798059998594,0.0840928087560054,0.2480622131002454,0.1381333046006291,0.1045574173419159,0.2033346238599328,0.2837840576940835,0.2507840382670883,0.1079304039403419,0.0696128816261108,0.3194481457829595,0.5958487643648214
74,1040_Schedule_A_NET_LOSS_STMT,0.4881629222716413,0.4578583765029884,0.8775,STATEMENT,0.1546090321400883,0.2518754668011145,0.1736218724683882,0.1354908740865923,0.4881629222716413,0.1960105703100777,0.2912414701716166,0.3285874571927909,0.1723949151533202,0.1778908652564249,0.2983435367966422,0.2294110628892763,0.169446445237515,0.1445811589326457,0.19987250560737,0.3797805945138818,0.2175610606330729,0.1640764960203324,0.1577062544765325,0.3002834769522631,0.2198103311135633,0.2209528596963551,0.4535425392802462,0.1540275415436691,0.3316132484198573,0.1618517867820296,0.1959469640171051,0.2542208907066897,0.1234627086181542,0.1851337921805072,0.2279801788246287,0.1126945413826413,0.0658175523973342,0.1148072355962517,0.1014170539409196,0.2026838807944028,0.1963561247445635,0.2507020824430345,0.2545149737733409,0.3210811036007331,0.415841741668326,0.4028258089003725,0.1708644732127634,0.0808620442759396,0.0601475347370111,0.0589077814922159,0.0626200565315597,0.1201498144739593,0.1132961412440934,0.3094776306359755,0.123199045285534,0.0749505146406434,0.3621305581431003,0.3142802872468127,0.4172991994993842,0.320956184536691,0.2571425229775828,0.3137113311559864,0.4374339296325353,0.1723949151533202,0.2493144889652466,0.4578583765029884
75,STATEMENT,0.5937800090935457,0.3243746651536151,0.3809916474414604,STATEMENT,0.1295853855079647,0.1901185912688895,0.1815993678500738,0.1027326126663747,0.1360843570350778,0.134340500374005,0.2822473713558763,0.1682870306585044,0.0635157488200165,0.1881102294987917,0.3091707925079396,0.310899358752899,0.2503898395839511,0.1064373470563782,0.1078984420332295,0.2774647024305048,0.1229691507961061,0.1115888845308323,0.1222207983676231,0.3131280388963968,0.2102111330054528,0.1980723853868002,0.0860103580836999,0.2362434731607845,0.2471501129959652,0.1096151351271201,0.1780185955005873,0.2624280721586481,0.1779145721349153,0.0653303344372316,0.0954276293858756,0.1186778941810723,0.0996971724499834,0.0731205122310872,0.152370517423939,0.1027393933576544,0.1714695226980216,0.1981456392382795,0.265587600981661,0.2286135997449604,0.1676834026253142,0.0805919219431414,0.0746276938129918,0.0897148615933674,0.0508170205743271,0.0497586198825999,0.0468691223642983,0.0424812358648483,0.0463974918776678,0.1904295943010694,0.0713741180030901,0.0785737192322747,0.2415971981646642,0.1926371539952807,0.1263081532220191,0.2017331292528524,0.2803848134321232,0.2484512120952985,0.1064430070915332,0.0635157488200165,0.3243746651536151,0.5937800090935457
76,STATEMENT,0.498960552803958,0.4833376225008926,0.3809916474414604,STATEMENT,0.1589688295550682,0.2474224775168224,0.1506028383724673,0.117647109534974,0.4833376225008926,0.1865092299162203,0.2895100197462997,0.3261991071565932,0.1729687279146476,0.1687497973744084,0.2812850749455296,0.2210515185555971,0.1687022683551136,0.1405893508510776,0.2075744644670178,0.3783096046416909,0.222997678891946,0.1635706950565671,0.1631547050196454,0.3040151234792764,0.2159242163659314,0.2227756389633411,0.4546632014859311,0.1675986789336215,0.3397628748876797,0.1613023291212542,0.2041413724704661,0.2530491206518477,0.1320275369429948,0.1916735821198591,0.2228327119656575,0.1286479656310575,0.0946822013267315,0.1247169011619053,0.1218064770433097,0.2110243206459028,0.2007893165769629,0.2752341372485075,0.2532902245684724,0.2933246388182984,0.4200477487190362,0.4022162087048918,0.1734309299394295,0.0706522294471821,0.0589280221363068,0.0606228092333125,0.0578868268701068,0.1127370826466658,0.1054276843871015,0.3047672025589935,0.1302135673831754,0.0700374675712485,0.3433998414286135,0.3187093342854032,0.4175901511242127,0.3324150564718044,0.256669233760352,0.282456565413255,0.4178994236569249,0.1729687279146476,0.2880638741357381,0.498960552803958
77,STATEMENT,0.4962630155449237,0.2626312109909959,0.3809916474414604,STATEMENT,0.0829226722714625,0.080940653243473,0.1213207937623258,0.0805457421507541,0.0888021121227329,0.1063366367937487,0.17369804242296,0.1158157557754247,0.0566175352014848,0.1508744437376261,0.1712595839601774,0.1962103810249538,0.1772674544815872,0.0875012206309021,0.0741294784474835,0.1985002345861372,0.0984936735803249,0.098200612393079,0.0836416044769564,0.1767995243252553,0.1311180758667042,0.1505444373924408,0.0904835736900921,0.1724386051096153,0.1265961018609314,0.0975647237277556,0.1348375624664294,0.1517748054257523,0.1596977559823804,0.0554215590423199,0.0497392668558435,0.0515148205424093,0.0405360077320131,0.0587365192931749,0.0800542366554637,0.0896922179637018,0.134931293007202,0.0798128682567777,0.1460702416303211,0.1286155361308542,0.0978298454398153,0.0561733320446666,0.0688601123642963,0.0599452448600186,0.0492155057693343,0.0499896413433703,0.0318515477245655,0.037661758239486,0.0506266720768246,0.1316597114381927,0.053590070791324,0.0631491793391329,0.1324724314055717,0.0998238169246704,0.0698236004491966,0.13867680647278,0.1722232937842174,0.1498616153116196,0.0599442215787542,0.0566175352014848,0.2626312109909959,0.4962630155449237
78,STATEMENT,0.4124753051236908,0.2273052834902315,0.3809916474414604,STATEMENT,0.1310054975518347,0.148854848991152,0.151171849188694,0.1182461623953796,0.1131798553429073,0.1213242668566201,0.1805028723265432,0.1374163211653416,0.0682924486778347,0.1569024186137599,0.1295282404230886,0.1252615540455189,0.1497428206018861,0.091920667600538,0.1165449293736648,0.1775295014997478,0.0881780042624304,0.112048786383975,0.1221900567219133,0.1859746692946848,0.1238381716873178,0.1162302109737694,0.1285838808812223,0.1991951757539152,0.1185152697008162,0.1121955002527541,0.2273052834902315,0.1524264360093987,0.1316084090691767,0.0916359652018481,0.0710613671672404,0.109184530360387,0.1135211436148782,0.0810155390939888,0.1276184207111039,0.1285424729382023,0.2227187746292143,0.0500464295390308,0.1501003406524045,0.1838683471012789,0.1301160870291078,0.0891319244464967,0.0481246058532446,0.0795171762744618,0.0511959001134602,0.0565063680489389,0.0326392086063776,0.0474097669184431,0.084174484463484,0.1285665271201201,0.0256120150105115,0.0513763599742683,0.0634092588234193,0.174412655400535,0.1248004297896151,0.1923949811556476,0.1859036299042776,0.2243479676509144,0.0683575622472761,0.0682924486778347,0.1989519637094939,0.4124753051236908
79,STATEMENT,0.5091657091094632,0.2744383834614095,0.3809916474414604,STATEMENT,0.0970338170844991,0.1099287474314973,0.1242173786584443,0.085357076835541,0.0909674499194083,0.108536001043546,0.1828521816045163,0.1293527888397454,0.0550506112007988,0.1511730057844975,0.1778276967559903,0.2031213593124414,0.19035087303745,0.0892685604861538,0.0882741543798666,0.2063615930911053,0.1059745622759195,0.1090716893804624,0.0894785334418013,0.1812548227641123,0.1358970066447371,0.1523753144812552,0.0908510504076777,0.1949446550696962,0.1440366969469848,0.1084029094345271,0.1451703040685513,0.1558648929019828,0.1611922465212125,0.0615398731427101,0.0603189034235217,0.0872494966024581,0.0840754053998095,0.0728275253884656,0.1040238361772144,0.0926967899896645,0.1417972658112297,0.083603902919485,0.1498649102883202,0.1289233004781595,0.1059313090927024,0.0553460516015492,0.0665979469179746,0.0627509357337368,0.0488223293872211,0.0514224184462621,0.0347986920334701,0.038085162114375,0.0530242887739549,0.1387698196689734,0.0559306309884162,0.0627460632196953,0.1329350837410889,0.1452717445342867,0.0886235928814236,0.1456810053174943,0.1811573673070028,0.1572314602396178,0.0613162929556925,0.0550506112007988,0.2744383834614095,0.5091657091094632
80,STATEMENT,0.4123243745070539,0.2268154210385826,0.3809916474414604,STATEMENT,0.1428366847633898,0.1797919090995406,0.1458155829715927,0.1196959666262377,0.1100383283446366,0.117170360605392,0.1796093507839407,0.1476231073418505,0.0658181150083213,0.1488196327253362,0.1262234638665757,0.1248438536476354,0.1570837527086616,0.0894538347874141,0.1274208293363948,0.1768974212139592,0.0935009130334457,0.1203034070291497,0.1214436434660001,0.1762798966489875,0.1241869176232803,0.1127939914238643,0.1223387857863075,0.2201059754880927,0.1341007050976504,0.1204479787879549,0.2268154210385826,0.1496683024941549,0.1252713786138403,0.0909940088992774,0.0827988609191766,0.1532161779545086,0.1656960635601998,0.0979464200100219,0.1579658953125882,0.1267514803656417,0.217823962955379,0.0509387137207349,0.1475878380944732,0.17374376756706,0.1352377607303502,0.0849400010652068,0.046912798607871,0.0781682357558418,0.0502249067357042,0.0576384555024112,0.0376078821001186,0.0479264339526247,0.0841777382636586,0.1296457528606557,0.0287073039376068,0.0497735834414521,0.061412166872253,0.225324829933671,0.1447544854850181,0.18907317374477,0.1848230553191926,0.2206725942419077,0.0658180101545325,0.0658181150083213,0.2075676227782679,0.4123243745070539
81,STATEMENT,0.7073209417172407,0.4873834171364397,0.3809916474414604,STATEMENT,0.1858548794424484,0.1998036333825522,0.2794565575134385,0.2247862292919017,0.1433650190370633,0.2258134507473699,0.2981876068878874,0.2406576389271303,0.0830161672313982,0.2538561301902881,0.3248771726199541,0.2601759425177603,0.2291252752498695,0.1854217554165075,0.1196459476077032,0.2624749773779052,0.1583366137706283,0.2468315866061456,0.1448203243037698,0.4839399634747315,0.2387586934867704,0.2571733838691499,0.1820608382644971,0.4652678543571325,0.2266622775523424,0.2457110856551224,0.2537560847978408,0.2864732067398932,0.2163833571405653,0.0868123647794812,0.0929586168766363,0.0860711359740892,0.0570778699626094,0.0822825603787105,0.1044118821094248,0.1870164172981678,0.2524003151773036,0.2790834994982278,0.2628016631628199,0.3259068809435281,0.1538848077736531,0.0978264021149281,0.090313459484785,0.1225318113920427,0.1238798874587404,0.1115022093672186,0.0804530192030422,0.1077581566372264,0.1000504377957059,0.1682442444842267,0.0927744285967265,0.0726418506554241,0.1831352567919537,0.2973172015589104,0.2076565091685139,0.2262742531053797,0.2838388348618444,0.3246285692380314,0.1190468622451302,0.0761042125357181,0.4873834171364397,0.7073209417172407
82,STATEMENT,0.3595296447334858,0.2744033828973113,0.3809916474414604,STATEMENT,0.1700527881524021,0.1979215686198489,0.1624087572311316,0.1622450961984286,0.1383776648142055,0.1582825111795167,0.1737865177854579,0.2018011654855266,0.0954069796721375,0.1816416049667165,0.1580367246977657,0.0870992836514148,0.1056333888398191,0.1862225710509527,0.158010036472164,0.23420130173987,0.1962659523161388,0.1751831993127581,0.1197665314879295,0.160437930892966,0.1943913980867765,0.1439573785116198,0.16123983691462,0.1859288007660225,0.166810278639627,0.1753235584598259,0.218489756620441,0.2074200344546654,0.1184709826153175,0.0797245423025656,0.1049767052283966,0.1121973145928253,0.0884396646975112,0.1009842363198306,0.0994729211537742,0.1314797994437655,0.2160919904092335,0.128030044763464,0.2038745165748849,0.2566406903096201,0.1484364290982156,0.1230925674455405,0.0787407550933537,0.0999733640049978,0.0871465495567562,0.1194873067885961,0.0865922378314876,0.0916858466306893,0.0921462887939326,0.1546650753466129,0.0745019081302917,0.0616637989281369,0.1287380919751433,0.2332364646913853,0.1734255386011934,0.2400766703640222,0.21911846355255,0.2744033828973113,0.1694327161747734,0.0954069796721375,0.1911383445672844,0.3595296447334858
83,STATEMENT,0.6383008606705961,0.4144022328722008,0.3809916474414604,STATEMENT,0.1589096703861912,0.151463749297578,0.247343957908612,0.1753227682957717,0.1311380381475893,0.1993625265743404,0.2825262773570872,0.2071843191426732,0.0768877235615084,0.2475547896557404,0.3932123838709685,0.4144022328722008,0.3719749289600952,0.1708155464312172,0.1440906249243665,0.3001334176202228,0.1288344853667541,0.2047797982942502,0.2684137165970504,0.292897051844208,0.1599454537213713,0.1678268060135645,0.1580411909808662,0.3223048239463505,0.2196504042227017,0.2015925856608058,0.2914720811187951,0.3397708511456596,0.2206021036703175,0.0902377785179005,0.0860822752457988,0.0784554103135432,0.057686085574823,0.0808150150681966,0.0786300415925488,0.244518876776044,0.2899387757902496,0.2223386571762737,0.3331246607288446,0.3096683848709992,0.1862426632780824,0.1105118135403561,0.1115668699201227,0.1032490054278538,0.1079750295268707,0.0991924367062664,0.078798542566337,0.0987263081020095,0.0993260405627806,0.1796148555320563,0.0764571290824885,0.0812717946087162,0.2079609260549771,0.2325459002492391,0.1371816288066918,0.2916240108863424,0.3189962882282981,0.3171472439536345,0.1091202446075171,0.0768877235615084,0.3741355711574875,0.6383008606705961
84,STATEMENT,0.7248075790709373,0.5000815516641379,0.3809916474414604,STATEMENT,0.1477901346537291,0.1659610869934883,0.2584846969711916,0.1924619782592035,0.1280565007767195,0.217759099892026,0.2835161988724556,0.2058775400816207,0.0371348145644064,0.2900596983441388,0.3598214140810208,0.3108498781663988,0.2466043283687991,0.1643235113259361,0.1043717254007205,0.2503477227634902,0.0918638727437274,0.222948488318956,0.1127209896279604,0.3593971541865677,0.1918773620950923,0.2247260261335366,0.1545962726896105,0.3009315876687565,0.1744164858597314,0.2199937404946886,0.270535075106977,0.3081976968533597,0.2158554129477121,0.0731268321684245,0.084566077442981,0.0786577658597549,0.0524707198702116,0.0670957548163052,0.0850166217243444,0.1252605520562349,0.2687096034570767,0.2631879884752443,0.2911084611999748,0.3478366716684541,0.1476315826554712,0.0707054187735304,0.1009054942565668,0.1114495093478985,0.0983600156853266,0.093362646640215,0.0744900397989532,0.0935860850617402,0.0948390579047415,0.1589496539582464,0.0769314439962683,0.0760291151839709,0.1897687254941377,0.2414044258436924,0.146620802001333,0.256608278834837,0.3244414153528667,0.3440336928287474,0.0912685852432784,0.0371348145644064,0.5000815516641379,0.7248075790709373
85,STATEMENT,0.6546105801620814,0.4230660187821825,0.3809916474414604,STATEMENT,0.148470478750876,0.1570226012594026,0.2629511553396,0.1718335910898946,0.1548204077600167,0.2343853866986077,0.3095824624549467,0.2093450430759128,0.0497667572247574,0.2752696449464268,0.3839779371771238,0.3558390446212707,0.2802013677004073,0.1759206348513458,0.0994313553274256,0.2989348208176366,0.1126647349748656,0.226009101978827,0.1122962144349153,0.3588724100603898,0.1964328274856648,0.2146249058645395,0.17362090120201,0.299214500198759,0.2415718651357292,0.2233795042555898,0.2736111315439294,0.3771282816649151,0.2168175049796045,0.0880515292268382,0.0869404636335324,0.0861511240245276,0.0524008133920698,0.0604725942927417,0.0798041075979413,0.1197059738557051,0.2723583948174778,0.2032479868187492,0.3621715491644534,0.4021151950316877,0.1788166297911633,0.0981737246111677,0.1184035406250515,0.1208325650722948,0.1038130088323859,0.1012425064744596,0.0664100634572038,0.0912113401400681,0.1084049549717063,0.1917568871676366,0.0873805953994757,0.0966750647678938,0.2686722317701346,0.2491708659069297,0.1414676984101869,0.283374758684743,0.3659248023753299,0.3973902159452618,0.0922585148916617,0.0497667572247574,0.4230660187821825,0.6546105801620814
86,STATEMENT,0.4992582683238687,0.2990689541685661,0.3809916474414604,STATEMENT,0.0692680822089198,0.0598365958772904,0.0602980257081354,0.0485495889864625,0.0539542726901287,0.0654312675853647,0.0639666583052622,0.0565249230108887,0.0457955115685073,0.0598012793284233,0.1490571504519025,0.1692719111243828,0.1586491198655595,0.0702160055763616,0.0532093788683773,0.0693695181816864,0.0513398886818718,0.0561533473314146,0.0596387053837779,0.0931622359310502,0.0913676125974013,0.1188443347017155,0.0550362455944568,0.1140469988528102,0.0541468132178943,0.0527375672338977,0.1192377256177885,0.0422922524210657,0.1044616159257001,0.051241607040468,0.0485209374284141,0.050185009810899,0.0464240958429772,0.0444081869945223,0.0519800638794115,0.0463240766054098,0.1186665076454653,0.1584815234076085,0.0413677460440783,0.0564035904857341,0.0543115698542825,0.036925306510164,0.0460468236622728,0.0521959707297654,0.0406169959791217,0.0432172434678897,0.0365217391304347,0.0372126673149836,0.0453025257637994,0.0509969723377733,0.0428704452571492,0.0586831349562808,0.0263133294044639,0.0585355045528888,0.0501791399129596,0.1023250398800013,0.0648999731202847,0.0534171921828074,0.0433935047595961,0.0457955115685073,0.2990689541685661,0.4992582683238687
87,STATEMENT,0.6465465036650953,0.4417186423987605,0.3809916474414604,STATEMENT,0.130959750753379,0.1380833026439918,0.156128192214911,0.1289087615721183,0.1152993844762702,0.1507591645746735,0.2143705849217219,0.1705765206670013,0.0362154092790663,0.1862442548318582,0.2370172909180188,0.1781129148441569,0.1377769262867461,0.1274920684263783,0.0979408563269583,0.1833603684495853,0.145927298623268,0.1291659484845303,0.0957133318369601,0.3750312270795424,0.1730347908342291,0.205720408777019,0.1213044725590196,0.2220701569909084,0.1824736664738308,0.1294578772651494,0.1568720121748224,0.1885850611320702,0.131446693535763,0.0774608524551123,0.0687835895096702,0.0644504757844133,0.0430322356828488,0.0518419354329415,0.0637241516694824,0.0900457971498438,0.1568030440155945,0.2362665774783004,0.18346526739988,0.2142887712329535,0.1350397543596042,0.1046595589447693,0.0765406317334797,0.0924122631436211,0.082839245326602,0.0743515109202955,0.0663985310791234,0.0870716371731256,0.071119040042632,0.160739083077354,0.10702342975353,0.0859433500874534,0.1190476652318056,0.162632713621143,0.1569579012525689,0.1687957072570313,0.192759009470625,0.1900180714630991,0.056665379616128,0.0362154092790663,0.4417186423987605,0.6465465036650953
88,STATEMENT,0.737853745388314,0.5285717858871158,0.3809916474414604,STATEMENT,0.1788804862513497,0.1809255742601613,0.2350145461159397,0.2196715880296072,0.1081827075102975,0.2257132996010224,0.2669991938517421,0.2173980670651058,0.0312080585338174,0.2295031163405533,0.3096609421609482,0.2115247016934534,0.1877549197474129,0.1900239322010145,0.1137190002261408,0.2128903342036668,0.1367884350814815,0.2257237303561309,0.1170843280447658,0.3960085048790006,0.203851619319042,0.2387751600069471,0.158343023943912,0.3652454913018951,0.1355175575548119,0.2229869776442725,0.2282469659591701,0.2076535740845139,0.1503904195189696,0.1085719490547148,0.0917426428316701,0.0846464288853537,0.0503314240765143,0.0632124825649463,0.0842388359928985,0.1420216628583817,0.2275875923187281,0.2758091483752944,0.1895390841893875,0.2780026614899401,0.1332682351941011,0.0800007299035692,0.0714405827973715,0.1149449936225105,0.1098562463908618,0.1086004063841174,0.0791865402258832,0.1098583343711085,0.0987573361404318,0.1453793716737535,0.0945882316789188,0.0729411923424862,0.1177379536991975,0.2537859856700447,0.1847405013665868,0.1799910690275009,0.1942763873593939,0.2577226189826352,0.0713426335915022,0.0312080585338174,0.5285717858871158,0.737853745388314
89,STATEMENT,0.4207525054301226,0.3879007426019629,0.3809916474414604,STATEMENT,0.2303084152207382,0.1728095887447175,0.3879007426019629,0.2208436052389377,0.1882567052194059,0.1644368227480795,0.1345972185805534,0.0883187144136555,0.0449252575643821,0.2362847542229435,0.3073766435588551,0.3329053765794648,0.3035005083737376,0.1851516557692966,0.1037851922161878,0.1426320800291601,0.1165157492625247,0.2794889538732513,0.1849654595419598,0.1688391839941744,0.090598234377146,0.08671108921723,0.1385873862809471,0.2393204419828629,0.1836477101448366,0.2796865535017081,0.2316022849844779,0.15677140696725,0.3227532394739744,0.1124676831568283,0.1431764465647633,0.1169594090494401,0.0560274377406438,0.0726157756466909,0.0628526307064706,0.1606225200837494,0.2314966396734287,0.1453022353899925,0.1573421478693271,0.1751252947244106,0.1410851159397012,0.1041311360904446,0.102778366502744,0.1384353152199195,0.1564962960237511,0.1423525140938465,0.101242861786374,0.0735177622964956,0.0847024920837985,0.0964024707463978,0.0596045397704342,0.0560972185747104,0.0748442506546548,0.1850471967500153,0.0921689810899481,0.2010107758029171,0.1692243426608285,0.1785178483075478,0.2277552437966306,0.0449252575643821,0.214959334291016,0.4207525054301226
90,STATEMENT,0.6093895946751137,0.4534082803233875,0.3809916474414604,STATEMENT,0.1624949105190316,0.1656564251172268,0.2622684155949901,0.144547818823615,0.1578272513593064,0.1947795898173664,0.3134318526177829,0.2186847957220794,0.0510003319841925,0.2613350085093467,0.3824676806085075,0.4534082803233875,0.3727562279467828,0.1519831980814849,0.1476405914462565,0.3295493572535082,0.0996129630781534,0.2096864713652731,0.1470339140897135,0.303750550769081,0.1430521716132565,0.1563676353156002,0.1642467780965782,0.3269638348161028,0.2903549823613077,0.208759698408884,0.3403772683129457,0.4491356126432794,0.233311482813995,0.0936494526779769,0.0916151804922653,0.1355271999220362,0.133979507231788,0.0833408130543935,0.1119332224338197,0.1570105407312579,0.3335050228949334,0.1757198583138344,0.4365583144173661,0.3786998138940645,0.2354443780505234,0.1237148085942367,0.1377510221782629,0.1066022067176385,0.1072996646487569,0.0893784814583848,0.0678928755846554,0.0695135790447148,0.0936164082287144,0.214101077757252,0.0773093692597599,0.0760049928004212,0.2798855943986257,0.2819892964633752,0.148372250192563,0.3415195135066536,0.3909460623130568,0.3916875640209686,0.0901610686478611,0.0510003319841925,0.3482650731727311,0.6093895946751137
91,STATEMENT,0.7112694739988801,0.5298724790420537,0.3809916474414604,STATEMENT,0.1487458079086626,0.1766935381509449,0.2469240098809561,0.1762146563058386,0.1346750733786473,0.2196644192983309,0.2937348147521217,0.1951060662996974,0.0439017286941219,0.2596530156072012,0.3809455719024857,0.3642837562831818,0.2877514480015971,0.1741786701879318,0.1094375680193171,0.2762475796335197,0.1070499443355266,0.2219951200021102,0.108172555950872,0.353363002620764,0.1906485427499724,0.2230984819166547,0.1521258334277802,0.2909184480188369,0.2340949058669965,0.2181903109000076,0.2703868811649663,0.3496842422598448,0.2289281280048656,0.0779913040355041,0.089512185565421,0.1126099690155149,0.0888207762627199,0.0718120058777727,0.0972742740595194,0.1065388905519693,0.265620187382808,0.2976406503486417,0.3397914998284023,0.3874160492326003,0.1680303026453634,0.0939521824653496,0.109858881621432,0.108632177291722,0.099988956524844,0.093273370061665,0.0797127941154882,0.0992302487232344,0.1029136230964612,0.1782978938108537,0.0982348179387491,0.0924494476084795,0.2353826218732005,0.2702943114072731,0.1458226467765401,0.2670668057065496,0.3445873943238779,0.3698143875326826,0.0795339108326739,0.0439017286941219,0.5298724790420537,0.7112694739988801
92,STATEMENT,0.480801816148577,0.2629082722026199,0.3809916474414604,STATEMENT,0.0752499006342939,0.0668825001101956,0.0910397610996663,0.0547306977631098,0.067626150426344,0.0744805853052607,0.0845379521235579,0.0688730254630816,0.0486195050472933,0.123907608893147,0.1592292446850881,0.1889560100965042,0.162301719720834,0.0763237710165461,0.0640784883838671,0.0929695902124315,0.0606731928664426,0.0867932488985441,0.0676796274823402,0.1171732033988151,0.0905394012539117,0.1095316056302766,0.0658428732424788,0.0726333708595672,0.0887962838395284,0.0859589650204035,0.132383400815117,0.0759515780852012,0.1735896347713874,0.0659189910327509,0.0521233856032862,0.0544345973939285,0.0470208698507849,0.0480685124172852,0.0567002879555094,0.04669884382692,0.1308750996083235,0.1283913908747629,0.0754836278718333,0.0792304816128152,0.0704848867783881,0.043322677715679,0.0562388144702694,0.0604473546508685,0.0495850305718472,0.0483003198098722,0.042814065579843,0.0398115754330513,0.0506359015810356,0.0658814138895718,0.0505862886742765,0.0583324250511261,0.0537254649968832,0.0708786624919372,0.0533478858549581,0.1293016535480114,0.0968521479649733,0.0780175938050321,0.0443373095876323,0.0486195050472933,0.2629082722026199,0.480801816148577
93,STATEMENT,0.6347719608043428,0.4488009550921103,0.3809916474414604,STATEMENT,0.0978185449847764,0.10562804250808,0.1042151347763508,0.0792439483600803,0.0936247071744205,0.1137086746803739,0.1583747555947871,0.1137689230978619,0.0367628524050053,0.1350349854347415,0.1922937582436182,0.1505211386894931,0.1185263024112213,0.0980132181798885,0.0787262339826662,0.1371750529296458,0.1169389415104829,0.0866859056052831,0.0740789238988684,0.2709881077883453,0.1568473114385515,0.205496853170305,0.0844786303784899,0.213344866376279,0.1608317892808531,0.0814734968653624,0.1079554197459804,0.1455345492130916,0.1101205750671851,0.0605372160718258,0.0580331630602376,0.0556574630466993,0.0412022291057435,0.0466142434730804,0.0503199272121151,0.0571231691850486,0.107412473753325,0.2228011346683041,0.1432686261610839,0.1434442838717808,0.1092105764607373,0.0910025537559979,0.067334683509048,0.0680433799279296,0.0621247876087367,0.0512128518115732,0.0585177648338931,0.0644070482465939,0.0500320084934615,0.1307718433881026,0.0932028070364169,0.0873459357758673,0.0868969076580379,0.0980447010489972,0.1142289058326767,0.1351979090806059,0.1514288724698803,0.1218846115788424,0.0433995101744488,0.0346771622218318,0.4488009550921103,0.6347719608043428
94,STATEMENT,0.7067951528604958,0.5172555034728441,0.3809916474414604,STATEMENT,0.1882547315987615,0.192471903905476,0.2526397238990087,0.2362672040527457,0.1138049511248698,0.2341040782590429,0.2910301320553388,0.2408998830870637,0.0322637732118574,0.238052195630712,0.2973078049882665,0.1791084196637704,0.1625646132652789,0.1865414598647728,0.1177073079022603,0.2296008009313853,0.1458708068293339,0.2356063134719162,0.1196330182301086,0.4239470577707994,0.2209193382917702,0.2558054101347249,0.1759736878004047,0.3977008348446304,0.1418628103686719,0.2334179623204501,0.2264988745809718,0.2120743679421908,0.1338165515000868,0.1011754599526092,0.0928250519337954,0.0853786124291979,0.0526638469910381,0.0624530666810626,0.0826182692522515,0.1555906250619771,0.2271271095428634,0.2404202022859695,0.1964501302582864,0.2901348634190995,0.1407118137422122,0.0775572478240179,0.06826057392742,0.1216269230276566,0.1162050065657952,0.1112048367201202,0.07623283005373,0.1189456993684161,0.1058716748297412,0.1553197438616352,0.0958906381499427,0.0748620251040297,0.1269825898334479,0.2873857428553464,0.2090448369218066,0.1690075474494727,0.2056143791914694,0.2776016345944023,0.076013997311779,0.0322637732118574,0.5172555034728441,0.7067951528604958
95,STATEMENT,0.6414562517707535,0.4128066951166714,0.3809916474414604,STATEMENT,0.1375771194534585,0.1752783548029319,0.2328702285054653,0.1634100541910267,0.133568779047276,0.18464941164894,0.2457384611933202,0.1804016298585581,0.0637238849237817,0.2914420855394968,0.3256391107133611,0.3185922008358816,0.2590046863121693,0.1380511456257297,0.1097011332355949,0.2321487471713919,0.1022711708200573,0.1883591013955289,0.0997079223209132,0.3335471696555559,0.1740909292658875,0.1770025123805718,0.133327385336786,0.269624863077429,0.2173161511871596,0.1865135808101611,0.2576044123746825,0.2880811090454082,0.2641567979859478,0.076821181737395,0.0817552648654666,0.1115105720286508,0.1002316713123156,0.0790564432037374,0.1209542742696209,0.1090158094994127,0.2529432767923167,0.2052161570442326,0.2829796563754883,0.3070333178456195,0.1500196162715142,0.0835261955329564,0.0987798285536304,0.103370011116334,0.086506707537115,0.084056410927126,0.0696412055730174,0.082538778496942,0.0833346425001121,0.1502098700655106,0.0711374777599028,0.0779643568865412,0.204984977670031,0.2377271630477178,0.1338378216165893,0.2692215405262788,0.3334324767951306,0.3182928202369959,0.09480434155293,0.0637238849237817,0.4128066951166714,0.6414562517707535
96,STATEMENT,0.4014732484224847,0.3462322943075719,0.3809916474414604,STATEMENT,0.1494508496405392,0.2174186479467842,0.13401353299782,0.1367294989226893,0.249779395822796,0.1556641976458854,0.1521156306401884,0.2090898507985766,0.3202625129187996,0.1671830956147154,0.2182494968853099,0.1224454882742035,0.1360096494410704,0.1848653650764057,0.1617115967999604,0.2707733441381356,0.214377785726216,0.1788922975846919,0.1252158540915612,0.1670027807431157,0.1881940438509345,0.1762447912704798,0.2364759282244409,0.1161450782920223,0.1635280584800445,0.1790009127424881,0.1732688860750602,0.2155321571295563,0.0881014226139945,0.1382203362415963,0.1968700995146557,0.0620286956143701,0.0760505074974461,0.2079374869144689,0.1007238671915916,0.1527323001577496,0.1711673058956769,0.3462322943075719,0.2141382937820949,0.2071418681671517,0.245551638017614,0.2140740277928993,0.097988325405472,0.0725990445570583,0.0757955963086419,0.0821548328630203,0.092998197674797,0.1227472357851087,0.1018673520642478,0.2256392598382723,0.1059701869322008,0.0601624469287115,0.224069827015746,0.2252847659148532,0.3365684348084167,0.321185079802156,0.2601993430900288,0.2186375322610539,0.2813664516891973,0.3202625129187996,0.2064239474491478,0.4014732484224847
97,STATEMENT,0.3621104844901317,0.2932487779558876,0.3809916474414604,STATEMENT,0.1315378774031567,0.1641495634326963,0.1154860735991649,0.1347500380062977,0.190862140548882,0.0788273767033658,0.0843882134337585,0.1178212314410452,0.2145014646566733,0.1167771924146488,0.1238695268344511,0.0998365963907246,0.1042654482943277,0.0680023267615241,0.0880486769470489,0.1280697177571077,0.095575033723016,0.0857240649314009,0.1196430692467918,0.1627718266699452,0.1064483401462065,0.0942705241903825,0.1544157292305553,0.1095371206046323,0.2023386828716208,0.0858309920607212,0.0561751697229211,0.0695673414365783,0.1565232668950596,0.0805557722108546,0.1197803869514748,0.0688490113967603,0.0542125270856792,0.1140291696134185,0.0909619982471226,0.0903729326810002,0.0545657453699016,0.1200972926228933,0.0709060633927298,0.0862032721486218,0.1602966780056592,0.0920852394325927,0.0778163472673065,0.0657361810336371,0.0271817706433413,0.0887857208693901,0.0430562584459788,0.0435114354805912,0.0635277203999587,0.0915515079543408,0.0336472835774933,0.0499094770331977,0.0590103430065823,0.1194657569559234,0.1188874258956727,0.0982528424535101,0.1490354316300489,0.1424133347026204,0.2932487779558876,0.2145014646566733,0.1743127268924935,0.3621104844901317
98,CAL_RES_INC_TAX_PG_1,0.8775000000000011,0.6270224184876287,0.8775000000000011,CAL_RES_INC_TAX_PG_1,0.5665188089070893,0.2563785619640656,0.3418025380440821,0.2733960338448033,0.3921625507291612,0.4385534162381625,0.3480884578378324,0.3282509351009638,0.0648528422675241,0.348111509895505,0.2540658137203674,0.0929676836183253,0.1089406172581109,0.3907978103761407,0.3529799385755026,0.3522434766873087,0.2167419028666116,0.3982035882232804,0.3092565282948706,0.0877509280969063,0.3500278456799414,0.2541441574335614,0.2445920418353317,0.1147547353580832,0.1305093544298179,0.3992729603739752,0.3552920877264247,0.1499797446550292,0.2262953698716088,0.8775000000000011,0.6270224184876287,0.3703689291358469,0.1325576166719942,0.2502663279904071,0.2578178770406331,0.2711226125037472,0.3570412103276436,0.1986616511835853,0.1478512401703935,0.1331413820758921,0.3052650951224515,0.289780388751514,0.3463814248778903,0.399328615063268,0.3484839868036467,0.3426911259150076,0.3361587702859058,0.396003519289223,0.4381018684303375,0.3983405390258335,0.3490872254986324,0.3210747580998743,0.3063855147603094,0.4032429855176964,0.4641692356316209,0.3997616984859054,0.2128865017875805,0.18787998550849,0.225366143173547,0.0648528422675241,0.1881539919648783,0.1305841266554433
99,CAL_RES_INC_TAX_PG_2,0.9999999999999996,0.6508436839866072,0.95,CAL_RES_INC_TAX_PG_2,0.4647922438941592,0.3102536554416541,0.3494505156175588,0.3246179361289528,0.4006972673604684,0.3883031098564222,0.3156177003551492,0.3423033074023146,0.154349429400798,0.3260144361780046,0.2462184342230617,0.1049611169380015,0.1223682085505364,0.3700213956809567,0.332016796365649,0.3522489709330098,0.2019920986184538,0.391452231523024,0.3024579957066439,0.0968757438139581,0.2985891116043595,0.1918808257333744,0.2429303644343573,0.1220847017953464,0.1613459556307809,0.3931777953401196,0.4440503471289792,0.1674098589401749,0.233168879863979,0.6270224184876287,0.9999999999999996,0.4188892170547173,0.2060451164448314,0.2784963967295464,0.262211820360701,0.3054107216358278,0.4410100604706704,0.2827870808851069,0.1667429806421135,0.175059097907116,0.2978218751546783,0.2557924130763563,0.5077283485827984,0.5709589979250147,0.6462460663216052,0.6345815095038053,0.6508436839866072,0.5556846461823503,0.5880324721870781,0.5424367141717651,0.5409150697791818,0.5238163899382826,0.5143692879403653,0.4428064080883084,0.4707945503290638,0.3795790918519365,0.2035716972664087,0.2019578755087107,0.2755830946867635,0.154349429400798,0.1671066451728776,0.1482231794805489
100,CAL_RES_INC_TAX_PG_3,0.8775000000000002,0.5777436172238242,0.8775000000000002,CAL_RES_INC_TAX_PG_3,0.3962694973488543,0.5777436172238242,0.3004715834375217,0.2656231329627614,0.23179657299406,0.4000729035375849,0.2737422236252487,0.2105267550414667,0.1726586978983783,0.2997475858263693,0.3609451711580941,0.2382653278733816,0.271800816317588,0.3942109307348347,0.2973624071328795,0.2566935008667959,0.4094567951690084,0.3758746008857292,0.2556414593645123,0.2083029086057121,0.242877417191576,0.3404429203701945,0.2772085626863684,0.2068865811545568,0.1789954207123371,0.3751807186209935,0.3779472452167057,0.2924666320368587,0.1086262102092231,0.3703689291358469,0.4188892170547174,0.8775000000000002,0.4383971394620185,0.4702156317809247,0.3408929955259061,0.3617450498996253,0.3582634236114185,0.2005170791460663,0.2911406051362022,0.2739947669752076,0.2910935365513094,0.3269967645208336,0.4518525322794435,0.4195680816033246,0.4149695483044779,0.4856210886364791,0.4529765049675376,0.4698958743396703,0.4951479293370446,0.3864481927522754,0.41113919077071,0.3287247901973547,0.3016321881638849,0.3603945210495171,0.3413192748717784,0.2966809443335552,0.4479827655689593,0.3930142934357467,0.1672695649242647,0.1726586978983783,0.226157749810223,0.1389877181692452
101,CAL_RES_INC_TAX_PG_4,0.8775000000000011,0.4383971394620188,0.8775000000000011,CAL_RES_INC_TAX_PG_4,0.1891748581694658,0.3919200831738045,0.1020393438396441,0.1242575868613015,0.0773652141994039,0.1127392789251555,0.1197241604930577,0.1261884391534042,0.2059731042680641,0.0991619186214635,0.2226557148368736,0.2017930791587509,0.2358240233968205,0.1178155487503848,0.1614310987862447,0.1184584160502291,0.2094413474205971,0.1554193889984155,0.1072779201109646,0.1653528712342679,0.0844583582173527,0.1916872689750074,0.1956569861857935,0.1673424183693941,0.1305807056190111,0.1557062725546883,0.2213245359279951,0.2250938491363042,0.0610232279408994,0.1325576166719943,0.2060451164448316,0.4383971394620188,0.8775000000000011,0.3447809585493953,0.2917342105634842,0.1624553205740327,0.1932357513218497,0.2015426713592132,0.2237786607929623,0.2120384295712132,0.1781250238246891,0.1925985447680223,0.2217749425508192,0.1664275702722277,0.2252726586399102,0.2386423859490501,0.2473390784563015,0.2297491019046502,0.23442881994777,0.1954936237063275,0.2211919838026602,0.1585208399334895,0.202062489969797,0.2552990873082681,0.2167092468435491,0.1080885506984053,0.2238785621889799,0.2119343371513068,0.1319265933772262,0.2059731042680641,0.2066657268745116,0.1126994799268095
102,CAL_RES_INC_TAX_PG_5,0.8774999999999997,0.4721673524639515,0.8774999999999997,CAL_RES_INC_TAX_PG_5,0.3175757903153435,0.4721673524639515,0.1824044699499021,0.1852964182148484,0.1598430408013985,0.2755721641133277,0.2065056783087576,0.2035330393993953,0.3453094212200689,0.2166236195493434,0.3085261384649727,0.2088829835147937,0.2351127117427027,0.2904695011100884,0.2145474152025055,0.2182443408680385,0.2861088245641418,0.2928141495644742,0.2181454490118429,0.1843954432871121,0.2181322648491129,0.3163104943188766,0.2336120542497575,0.143990295457827,0.125659243485915,0.2987966340187588,0.2392277873202844,0.2447884714063938,0.1010068367461327,0.2502663279904069,0.2784963967295464,0.4702156317809247,0.344780958549395,0.8774999999999997,0.3446727800202632,0.2827354081822201,0.2226530236518896,0.2894255410955093,0.2457958579579504,0.210387672093359,0.2293192929287776,0.2510676218742645,0.2741637270279304,0.2130537120445828,0.2405875422967468,0.2953992240817095,0.2758383258673841,0.2856132819789544,0.3055910453734543,0.2426429393864811,0.2258865686189308,0.1551137998862374,0.2257657638799441,0.2498418739335428,0.2963466401754173,0.248107904541316,0.339723069986411,0.2684733977883651,0.1854671574939299,0.3453094212200689,0.2701458285605102,0.1350474061074917
103,CAL_RES_INC_TAX_PG_6,0.9999999999999984,0.4813909506949291,0.95,CAL_RES_INC_TAX_PG_6,0.3218817601824804,0.4813909506949291,0.1979438137657755,0.1798021851974901,0.1644768408239081,0.232390570196529,0.2670438770058872,0.2120219261666984,0.1317608105987543,0.2102288787019919,0.2616805853031735,0.1401065706465488,0.1921656380696417,0.2231680923066047,0.2623604680378852,0.2578697345950983,0.1794742030179063,0.2461948173587702,0.2007672128082477,0.1662770014947521,0.234087389953118,0.2413469121233052,0.1928538216700641,0.1946223230150301,0.1825275803808758,0.249542391918955,0.3306286211414033,0.2039945358880416,0.1220400371880335,0.2578178770406334,0.2622118203607014,0.3408929955259064,0.2917342105634843,0.3446727800202636,0.9999999999999984,0.2916494434146481,0.3174074317517704,0.2404077050484877,0.1989971448752378,0.1732626688104304,0.2875413507376315,0.2157193674378353,0.2243662379011589,0.2869429965373424,0.235862572590999,0.2556663760429764,0.2399859579737678,0.2350892180065479,0.2431436141953245,0.3072005911514664,0.2219306472061855,0.2160449844717049,0.2420959374262889,0.2664516333686825,0.2244767772617861,0.2247923514625066,0.2127012532602334,0.1968223302289691,0.2032669231227801,0.1317608105987543,0.2605446696509371,0.1496970797431575
104,CAL_SCHED_CA_PG_1,0.9999999999999998,0.8237042648958266,0.95,CAL_SCHED_CA_PG_1,0.2525217137786453,0.2752296180488237,0.2764616183999461,0.1939299426213749,0.1666381422873325,0.2770397249299192,0.2533270238757441,0.1399073787332431,0.1241518428526351,0.2368920609750554,0.3101185553831893,0.1942161000934532,0.2059239442936641,0.2587499178952511,0.1898469651504766,0.2247998806176663,0.2330158530321122,0.2683125229689394,0.1933205627097238,0.2261072111202968,0.2520317110840794,0.2339480781665633,0.160574548298,0.1965090036153514,0.2535796641185034,0.2686036311245746,0.6085934469816423,0.2331472741469159,0.1107990387679409,0.3993286150632677,0.5709589979250144,0.4195680816033243,0.1664275702722276,0.2130537120445828,0.2869429965373421,0.3877115988610997,0.6115379272757886,0.3260936883168474,0.2315322546602257,0.2470940171645455,0.3075364193317001,0.2872174994108796,0.6539310717523154,0.9999999999999998,0.7433424084070379,0.6894263036501527,0.6865721158988838,0.6986384140037082,0.7055490250201012,0.6980448736603266,0.6930850543758682,0.8237042648958266,0.4333775880401294,0.2430446851456175,0.1768695893127469,0.2420563462313085,0.2677498669392228,0.2683525636918044,0.2489337438171937,0.1241518428526351,0.1958029272059709,0.152855632118257
105,CAL_SCHED_CA_PG_2,0.9999999999999996,0.8995713321130936,0.95,CAL_SCHED_CA_PG_2,0.1965018212172781,0.2956390034479845,0.2808016488231847,0.1803328965878801,0.1313821079197117,0.2057391809886868,0.1698740756564481,0.1134988389352436,0.1995994420582276,0.1964701728508321,0.3699402288468408,0.2862544529389519,0.2799334319776094,0.1920211215280351,0.1555682940641664,0.1715345208128802,0.292860719277067,0.2152891407132504,0.1395212820738659,0.2363281561241104,0.1578439764041012,0.2614486314895277,0.2401996403361305,0.2552137404948938,0.1845979951069832,0.2160932526910414,0.4974937450103668,0.294726408021395,0.1248220425612126,0.3484839868036465,0.6462460663216048,0.4149695483044777,0.2252726586399101,0.2405875422967468,0.2358625725909988,0.2500014606639036,0.4932096082233665,0.2238138540973691,0.2910864428984818,0.3154704165323357,0.1790547039600296,0.2838411673163648,0.7085322667001002,0.7433424084070375,0.9999999999999996,0.8738888658527282,0.8995713321130936,0.7614296939639356,0.7637128454242844,0.5921417124163015,0.7699163887310805,0.7296590150392258,0.6310627456319087,0.1917436764745166,0.1389380959828945,0.1777001370226557,0.3016368822964787,0.3036898506260995,0.1507229497658166,0.1995994420582276,0.2377324132851827,0.1532985155704533
106,CAL_SCHED_CA_PG_3,1.0,0.8738888658527284,0.95,CAL_SCHED_CA_PG_3,0.237035867348724,0.3424746726615523,0.236938888851369,0.3033640903354478,0.1670740656782535,0.2697986336641721,0.1983711503460194,0.1610940644915269,0.18927978632369,0.2266307645547695,0.3672066491385452,0.2482320480136286,0.2592219739081055,0.2415240911725873,0.1888143270037378,0.2095128692126093,0.3612093087860985,0.2537993647219286,0.1781043024983163,0.2422418670258561,0.196478355595452,0.2810811793852694,0.2584037648164088,0.2320691280103536,0.1808980978128211,0.254681964957834,0.4777120960035111,0.3253835253427214,0.104227001904686,0.3426911259150076,0.6345815095038054,0.4856210886364789,0.23864238594905,0.2953992240817095,0.2556663760429762,0.2872689852558259,0.471414067967884,0.2057858968974538,0.3227244561556474,0.3157840061971899,0.2267517607290607,0.3172171245219897,0.6997721700695401,0.6894263036501529,0.8738888658527284,1.0,0.8463563990219412,0.7225954010499602,0.7387589870093869,0.565334770244872,0.7261434023254926,0.6733978790303226,0.613713757534115,0.2110543073893614,0.1671786160542485,0.2021176841270079,0.3526444992495178,0.3220424139636479,0.2043985841302653,0.18927978632369,0.2274052285436124,0.1420978274440929
107,CAL_SCHED_CA_PG_4,0.9999999999999992,0.8995713321130934,0.95,CAL_SCHED_CA_PG_4,0.1847041482300767,0.3062002486692439,0.2231736785162233,0.2832686094099048,0.1120693641035126,0.2101717102427171,0.1507622590386408,0.1183617406945484,0.1877845956565221,0.204382878912271,0.3189873016944899,0.2216216286039658,0.203677526446967,0.2094030219031915,0.1595485591187567,0.1614594966009857,0.312064677535084,0.2071184211862551,0.1369947641363859,0.1822235243383116,0.1622961070356114,0.2592399195884917,0.2016032970562479,0.1605397104758551,0.1600366780450942,0.2079564526787801,0.4573210881092795,0.2726023134816343,0.1225798655851675,0.3361587702859056,0.6508436839866065,0.4529765049675373,0.2473390784563013,0.275838325867384,0.2399859579737675,0.2412770024942979,0.4508090033049652,0.2255753743417627,0.269693471038422,0.2746346206272376,0.1755294801175583,0.270754048490909,0.6940304409870169,0.6865721158988831,0.8995713321130934,0.8463563990219409,0.9999999999999992,0.771686485415943,0.7636604324819715,0.5793949997684249,0.7478991073893287,0.6928890631026059,0.6158164034324223,0.1688486912174444,0.1459070695870489,0.1628270796181358,0.3005614349558985,0.2867963769927588,0.1560617217295992,0.1877845956565221,0.2031878679464323,0.1142386311748434
108,CAL_SCHED_CA_PG_5,1.0,0.9046331947040244,0.95,CAL_SCHED_CA_PG_5,0.2088147027886594,0.3142996182860291,0.2138793196807787,0.2219563393832208,0.179025388898909,0.2476185316865836,0.1861052637188182,0.1614932713387776,0.1999523809951239,0.2186689835453092,0.4522151939535955,0.2073472580811295,0.2156672164726521,0.2290802142518229,0.1691431824210501,0.1958644175632424,0.3231613521322058,0.2245020378813356,0.1650097224768927,0.2269411949252424,0.18200569054363,0.2817444418239841,0.2886399671096392,0.1947355122600865,0.1571368312593452,0.2254450009593355,0.4856800411557245,0.2843074585662941,0.1127755536100857,0.3960035192892229,0.5556846461823504,0.4698958743396701,0.2297491019046502,0.2856132819789544,0.2350892180065478,0.2861216623528321,0.4818220015693019,0.2531397826425113,0.2790587997182077,0.2912540127234908,0.2328438840319535,0.3256395679739579,0.8083552766738493,0.6986384140037083,0.7614296939639356,0.7225954010499602,0.7716864854159434,1.0,0.9046331947040244,0.6063761616947398,0.8744284097807895,0.6888018190896037,0.5334242515843419,0.2302269462557037,0.2237606300649678,0.1929060726944159,0.2991310162014956,0.3049990539216444,0.1904943739945465,0.1999523809951239,0.2200308553841503,0.1378638464731182
109,CAL_SCHED_CA_PG_6,1.0,0.9046331947040244,0.95,CAL_SCHED_CA_PG_6,0.2448138077574873,0.3361760840063694,0.2097260338792775,0.2104292819613595,0.1774217353778588,0.2711498021039792,0.2031087871990554,0.1731290207958148,0.2140654636702602,0.2064326772648107,0.4582920519803691,0.2362385730664483,0.2269954028705457,0.2584290334049013,0.1783822440583475,0.2116217106397324,0.3180037879351259,0.2465958251109575,0.1604428557721205,0.2186664431798976,0.1712140363287046,0.2673362327075714,0.2730241504627587,0.1907987870676406,0.1700439198420995,0.246337346465548,0.5002182847066042,0.2937249457202635,0.0966136884011097,0.4381018684303373,0.5880324721870781,0.4951479293370445,0.2344288199477699,0.3055910453734543,0.2431436141953244,0.2898613406210516,0.4965247539543903,0.2294432275609065,0.2931549098559618,0.3034613577692638,0.2343371693441973,0.3267514217426957,0.8381665382349563,0.7055490250201014,0.763712845424285,0.7387589870093869,0.7636604324819719,0.9046331947040244,1.0,0.6180775599029913,0.8766217534625218,0.6992941628451974,0.5273366015370099,0.230999589529903,0.239039103377016,0.2166685973155443,0.3236852023210447,0.3221329578695218,0.1697745396608028,0.2140654636702602,0.2118335795716937,0.1357694432768698
110,CAL_SCHED_D_PG_1,1.0000000000000004,0.8237042648958264,0.95,CAL_SCHED_D_PG_1,0.1004804402640131,0.1679433362632112,0.1101591186270808,0.0952159809503966,0.1153605540283865,0.1399793999540374,0.1561351206874948,0.0686401953891718,0.1290211901779784,0.1290086213675212,0.2405757856468995,0.1694062747416476,0.1704909128857966,0.1162864938769026,0.1262781171578047,0.1601521504859614,0.2059493772655583,0.1110188993884045,0.1068294733544811,0.263041259389433,0.1752101561705451,0.1873423667351153,0.1881736017275512,0.1308402723455843,0.2605603563040923,0.1086191544954604,0.5394346223592162,0.2024358300325644,0.0692651720672091,0.3210747580998743,0.5238163899382826,0.3287247901973546,0.1585208399334894,0.1551137998862374,0.2160449844717047,0.2851958147955284,0.541286986573864,0.2692009441149724,0.2042324360125093,0.1949712111009648,0.2478329287866764,0.245353696556023,0.6790818523119356,0.8237042648958264,0.7296590150392263,0.6733978790303228,0.6928890631026061,0.6888018190896037,0.6992941628451972,0.6869295276599511,0.7645756753551832,1.0000000000000004,0.4699762779989758,0.1277709392879555,0.0810325406414265,0.1461199393024585,0.1945734602743075,0.1733299978388116,0.177755055017748,0.1290211901779784,0.1685868539859443,0.1212030337691867
111,CAL_SCHED_D_PG_2,0.9999999999999998,0.6310627456319089,0.95,CAL_SCHED_D_PG_2,0.180092234195889,0.2678890834434712,0.2098321810286564,0.1707080809850495,0.3200950400368336,0.2467978039300611,0.2785422927934916,0.2680360161541031,0.1642908359615301,0.2084298948368411,0.4499556825161528,0.3736576692054953,0.3069189213497079,0.1657463137908657,0.1507401642940882,0.3942237169461907,0.3334329366200831,0.1790261714082484,0.1291720512779963,0.3673240345246507,0.2119660803538593,0.2950179005298758,0.4417698424006098,0.2464815163402624,0.2913579108919943,0.183689128033242,0.448156891363168,0.4891391093157338,0.1042521950696393,0.3063855147603093,0.5143692879403654,0.3016321881638848,0.202062489969797,0.2257657638799442,0.2420959374262887,0.2627593504701296,0.4442767899797246,0.3099570100731641,0.4891763270133704,0.4807938104816579,0.3786613043754946,0.4598978376569531,0.5098198776755754,0.4333775880401295,0.6310627456319089,0.6137137575341151,0.6158164034324227,0.533424251584342,0.5273366015370099,0.5564286705136661,0.5764649753350023,0.4699762779989758,0.9999999999999998,0.305210048764958,0.265181298103435,0.3033758719969874,0.4206255013737238,0.4418027983000674,0.2704147945743018,0.1642908359615301,0.2800494891568869,0.2851905613149658
112,CAL_SCHED_D1_PG_1,0.9999999999999996,0.6980448736603271,0.95,CAL_SCHED_D1_PG_1,0.2628427598887279,0.3214531870270481,0.2514831478110268,0.2164777915569806,0.3399170496570359,0.333692049411475,0.378851654429621,0.3078844114713106,0.1710283320713501,0.2945588647908797,0.3699129177756384,0.241301064687073,0.2242585173937181,0.2977386741899943,0.3073905509070869,0.5197918853538037,0.3536581323342872,0.2843500790286108,0.2382828909151862,0.2741474223778273,0.3203475998064807,0.3078734026728302,0.3282467966038576,0.1979189541107061,0.3647737986522769,0.2841141573782626,0.619761012696094,0.3490861020115356,0.1134373195017923,0.3983405390258336,0.5424367141717654,0.3864481927522754,0.1954936237063274,0.2426429393864811,0.3072005911514661,0.4498736535181206,0.6216588532483449,0.4036823174381669,0.3494018247902077,0.3260921115751778,0.4795287009337708,0.3883743914398112,0.5733470725973178,0.6980448736603271,0.5921417124163021,0.5653347702448722,0.5793949997684255,0.6063761616947401,0.6180775599029915,0.9999999999999996,0.6473037024674605,0.6869295276599513,0.5564286705136661,0.3328985783436532,0.3286796804439962,0.3718172227947525,0.339423461152896,0.325060030721171,0.3747927007317506,0.1710283320713501,0.2389864625110535,0.2481014939830064
113,CAL_SCHED_D1_PG_2,1.0,0.876621753462522,0.95,CAL_SCHED_D1_PG_2,0.1411462104481016,0.2513667878836102,0.1331040648866784,0.1295876592268769,0.1716105077172946,0.175444986751109,0.1538360662477051,0.1205789878097105,0.1906169539189608,0.1579362144548456,0.4270115908723833,0.2309061239756716,0.2153260571061135,0.1489386685509401,0.198646064084955,0.2214827235320314,0.3688464683767573,0.1394808471949451,0.1263339811985643,0.2236232741921341,0.1505468604441986,0.2590115274777345,0.2815210716872807,0.1929875359985776,0.1651959354068639,0.1405789938394208,0.4744127893854741,0.2922021541839532,0.0770577388265706,0.3490872254986324,0.540915069779182,0.41113919077071,0.2211919838026602,0.2258865686189308,0.2219306472061853,0.2441906055379608,0.469098314968368,0.2322592529917027,0.2868316495509548,0.2625064841781628,0.2138159203868828,0.3236079528729601,0.8568741234408637,0.6930850543758689,0.7699163887310807,0.7261434023254928,0.7478991073893291,0.8744284097807897,0.876621753462522,0.6473037024674605,1.0,0.7645756753551831,0.5764649753350023,0.1612644955364199,0.1486172621725935,0.17681851205483,0.2853998330729431,0.2449321726280892,0.1466742597273464,0.1906169539189608,0.2202920903987605,0.1381997121715645
114,CAL_SCHED_3526,0.9999999999999996,0.6490387955714375,0.95,CAL_SCHED_3526,0.307177017097537,0.2938883096673054,0.2767085445279648,0.2467612888600436,0.3163397701320641,0.3585144624464668,0.3195669195595734,0.2312336444275819,0.1204361460926622,0.2889582962513676,0.2668140892579479,0.1966015666770705,0.1861599327265284,0.332668526494741,0.3215199209644254,0.3479929770313384,0.3240382729615247,0.3613272092597802,0.6490387955714375,0.2202548647218323,0.2783452754609881,0.2491215597225299,0.2917273537561342,0.2316452867785919,0.2960607263775008,0.3604367525308488,0.428370895531955,0.2137496969410808,0.1401561763896741,0.2711226125037472,0.3054107216358279,0.3617450498996255,0.1624553205740326,0.2827354081822202,0.2916494434146479,0.9999999999999996,0.4301529281225772,0.2683896949673215,0.2097260545410331,0.2358784712750427,0.4192605598078857,0.2814818678156063,0.2649959211367797,0.3877115988610999,0.2500014606639037,0.287268985255826,0.2412770024942981,0.2861216623528323,0.2898613406210517,0.4498736535181206,0.2441906055379608,0.2851958147955286,0.2627593504701296,0.3560179556317945,0.3135973845823421,0.3256822299664728,0.2976849142297857,0.2932458061445444,0.4019241915878787,0.1204361460926622,0.1699921040896784,0.2144638539627341
115,CAL_SCHED_3801_PG_1,0.8774999999999992,0.872517431154171,0.8774999999999992,CAL_SCHED_3801_PG_1,0.2886380034253339,0.290954627268017,0.3411056209263475,0.2238980993577609,0.3139710800851696,0.3336982213720509,0.3507622218806343,0.2502387985790774,0.0986745069385948,0.3567338649465417,0.4266931851063126,0.3151680960047518,0.287561154415688,0.3200899917221533,0.2719803978928643,0.3636940403246523,0.260378400033005,0.3255318204680732,0.2522357495368529,0.2809371907038048,0.2660877493962486,0.2369282535511447,0.3299856386383334,0.2683288316599978,0.3633915937366367,0.3261409244660197,0.872517431154171,0.464225619218069,0.1846654151543905,0.3570412103276434,0.4410100604706702,0.3582634236114184,0.1932357513218496,0.2226530236518896,0.31740743175177,0.4301529281225771,0.8774999999999992,0.3914184641170809,0.4601881312514969,0.4196255793143291,0.4861348081283505,0.3596918451387952,0.4767994074348693,0.6115379272757886,0.4932096082233667,0.4714140679678839,0.4508090033049654,0.4818220015693017,0.4965247539543903,0.6216588532483447,0.4690983149683678,0.5412869865738642,0.4442767899797245,0.3529008674448801,0.2756274572103775,0.58150706819833,0.4012491735156694,0.4130913897938782,0.3389808428130968,0.0986745069385948,0.2847510757958597,0.3302548243625072
116,CAL_SCHED_3801_PG_2,0.9999999999999996,0.4315226271911649,0.95,CAL_SCHED_3801_PG_2,0.2237092569533983,0.3258315030457511,0.2136369892876292,0.1810475264871562,0.2557658363081028,0.2371457946952722,0.2405005380461745,0.195884044395035,0.3022071716469195,0.2312769234802795,0.3926697869582425,0.2634093832583368,0.2262836892513634,0.2780427915490561,0.2286851213824698,0.3137668142860444,0.2734113154111599,0.2631737250038505,0.1723667344909496,0.2824768350396376,0.2859455161112275,0.2889677703916847,0.2534772098865492,0.1872846848040684,0.3048057163159601,0.2668649890811068,0.3942127308722783,0.3452236314031966,0.1382509782326711,0.1986616511835853,0.282787080885107,0.2005170791460663,0.2015426713592131,0.2894255410955093,0.2404077050484876,0.2683896949673214,0.391418464117081,0.9999999999999996,0.3464070411877063,0.3152871179421432,0.3705245606555543,0.3730567763038377,0.1817412770415905,0.3260936883168475,0.2238138540973692,0.2057858968974538,0.2255753743417628,0.2531397826425113,0.2294432275609066,0.403682317438167,0.2322592529917028,0.2692009441149725,0.3099570100731641,0.2542889124141479,0.2924139675525449,0.3670499604524244,0.3403788756246623,0.2834108781835721,0.3279576867213286,0.3022071716469195,0.4315226271911649,0.369733119585904
117,CAL_SCHED_3801_PG_3,1.000000000000001,0.9921464376669912,0.95,CAL_SCHED_3801_PG_3,0.2378265662372206,0.326290519207191,0.2781163468955239,0.1897907923767085,0.2243890055470739,0.271160451066425,0.3671126656456327,0.2491256145472218,0.1983446210550698,0.296538700648383,0.5554133243433964,0.5069376358234745,0.438011215348582,0.2833331960139326,0.2481789295559856,0.4070582942024642,0.370882466651119,0.2695828870272957,0.1696019255789521,0.4006294764569899,0.2596828120843074,0.3488955519781995,0.3278250125661202,0.3172432537361306,0.3688521358029902,0.2698622574423431,0.467789002476477,0.9921464376669912,0.148286235272659,0.1478512401703934,0.1667429806421135,0.2911406051362021,0.2237786607929622,0.2457958579579504,0.1989971448752376,0.209726054541033,0.4601881312514969,0.346407041187706,1.000000000000001,0.634655341872835,0.339707501280681,0.3850135977525522,0.308339565927839,0.2315322546602257,0.2910864428984818,0.3227244561556474,0.2696934710384221,0.2790587997182077,0.2931549098559618,0.3494018247902075,0.2868316495509548,0.2042324360125092,0.4891763270133703,0.2580862751623012,0.2008038744741458,0.4771513098703461,0.6643802398229773,0.5945026567153859,0.1778549656550138,0.1983446210550698,0.3653245443044896,0.375349172671242
118,CAL_SCHED_3801_PG_4,0.9880122726569536,0.905179651954116,0.95,CAL_SCHED_3801_PG_4,0.2412223404488008,0.3683867507022265,0.3269833527531709,0.2645894668663004,0.2707325902861645,0.2814042576299937,0.3584194406150462,0.2521816073158568,0.1878875874815583,0.3002008862433245,0.5744048857031192,0.4915445753429646,0.4179189722961786,0.2526497285851155,0.1938212704867478,0.3717233918878158,0.3604547036770374,0.2612074411322033,0.1780192213960393,0.506960502857499,0.3003667709217555,0.3896045609592226,0.403746296870191,0.3912127373919017,0.389534035552647,0.2614277469599783,0.4125524567292972,0.6380670150652755,0.1438478803690722,0.1277440687298644,0.1715602103038054,0.2718160896894107,0.212341611177589,0.2093365553677159,0.1734509525955566,0.2361489525108842,0.4075898332707789,0.3304513047620776,0.6300806483390914,0.9880122726569536,0.3207373327990925,0.3813269275907198,0.2776150970106953,0.2471340217175635,0.3170237062738674,0.3173528869657654,0.2768228771971336,0.2933169343031215,0.3022074462533382,0.3309410753932442,0.2736210413704907,0.1988680252820577,0.4748089272234499,0.3461718622794661,0.2613825354217763,0.3772294962681651,0.5338887185676423,0.905179651954116,0.2496077124187584,0.1878875874815583,0.3963003694495355,0.4311123554345319
119,CAL_SCHED_3801_PG_4,0.9964164391743422,0.9138995523201648,0.95,CAL_SCHED_3801_PG_4,0.2384424395650457,0.3614027582461526,0.3350713083907901,0.2661782689944552,0.2655498652497314,0.2816472972734088,0.3528502412988992,0.2417718938141537,0.189422567010361,0.3169394231382715,0.5835793509790659,0.5156216828721762,0.4408421918084798,0.2521306418697424,0.1910323709479744,0.3677304665593786,0.3503011727205993,0.2700314310877272,0.1754319425554126,0.4774128626251281,0.2925883636020077,0.3747833022352511,0.4029740552853796,0.3709370484280702,0.3778761839706024,0.2702286805496581,0.4278942604551159,0.6382976899036511,0.1674160839361787,0.1306764702740332,0.1710345571016459,0.2721379554955753,0.211326647098925,0.2093189578007594,0.1720767177472404,0.2353706520941981,0.4228491859094384,0.319931711957948,0.6320140422281524,0.9964164391743422,0.3138152304635814,0.3788969223918233,0.2695088214742155,0.2467546972251672,0.3154310198823229,0.3144692429995652,0.2761222258465918,0.2924454247061152,0.3027240727076804,0.3215859061161735,0.2601163533440568,0.1939453601119716,0.4806988595256544,0.3456029523927575,0.2493432212647594,0.3827036074056387,0.5283269261253346,0.9138995523201648,0.2512911165368436,0.189422567010361,0.3844364803278062,0.4140486880763609
120,CAL_SCHED_3801_PG_4,0.9961655147796684,0.91494524016707,0.95,CAL_SCHED_3801_PG_4,0.2393917699127102,0.3623875643677456,0.3328057740886604,0.2648502889441788,0.2666188399347829,0.2828692601625869,0.3509886863897252,0.2428083900771224,0.1894874338950591,0.3012782960147294,0.5750104317967311,0.4959262419791845,0.4291518832333926,0.2553372322465165,0.1917446056523691,0.3693852157560907,0.3502725274235658,0.2632578564817713,0.1760311836017513,0.474820518840982,0.2915972273511101,0.3736899825921767,0.4041165344567173,0.372300402600617,0.3756759036098698,0.2634568637157847,0.4197638033147071,0.6375474553025187,0.1417625407369951,0.1311137590862209,0.1716514050121791,0.2726612836053876,0.211518545821784,0.2094863296429439,0.1723915746680526,0.2361962294694121,0.4146438732165272,0.3058415021109913,0.6312176393255498,0.9961655147796684,0.3150378160715147,0.378254050374916,0.2706566171056074,0.2465818212119711,0.3146860176741213,0.315100938465511,0.2735612053737132,0.2914234707183165,0.3032984617791479,0.3231562957505389,0.260520135420817,0.1934386242853535,0.482311597862788,0.3461343006339092,0.2504025713219704,0.375418395201617,0.52792486156824,0.91494524016707,0.2522016159416482,0.1894874338950591,0.3727988373087718,0.3971391347589226
121,CAL_SCHED_3801_PG_4,0.9955299124141233,0.9184502525765486,0.95,CAL_SCHED_3801_PG_4,0.2362524550476381,0.3569418603800119,0.330870074858906,0.2608168280271117,0.262513791609328,0.2786327493385572,0.3486502629594032,0.2454856424758173,0.1786473880174758,0.2978569369126901,0.5767523296149375,0.5011381438001594,0.4359969596333076,0.2476367686867458,0.1864066644943608,0.3667183194319671,0.3482521606337454,0.2624856650852059,0.1740539321355688,0.4672450638194725,0.2869055679974334,0.3608565949033239,0.3999193580886296,0.3581156206007772,0.3769651165627252,0.2626900780436651,0.4242224449718095,0.6336121430807189,0.1377753295551642,0.1296792651926722,0.1738287060479456,0.2710278126944568,0.2079329918427358,0.2069308302356809,0.1682837097825096,0.2306872593840442,0.4189724201326305,0.3040389755203381,0.6320655732355989,0.9955299124141233,0.3134475297431118,0.3752480543929064,0.2625729974322396,0.2426470454837885,0.3103615926482145,0.3115287745785594,0.268901069891868,0.2855999232435834,0.3002057215637482,0.3202388824419974,0.253546716255229,0.1894651558882878,0.4767510204951259,0.3457432839744765,0.2481613185536678,0.3768465484531339,0.5233474392378571,0.9184502525765486,0.249091992267789,0.1786473880174758,0.3611313824561614,0.3958969221739167
122,CAL_SCHED_3801_PG_4,0.9955299124141233,0.9184502525765486,0.95,CAL_SCHED_3801_PG_4,0.2362524550476381,0.3569418603800119,0.330870074858906,0.2608168280271117,0.262513791609328,0.2786327493385572,0.3486502629594032,0.2454856424758173,0.1786473880174758,0.2978569369126901,0.5767523296149375,0.500005810714913,0.4345442665684424,0.2476367686867458,0.1864066644943608,0.3673883593264975,0.3482521606337454,0.2624856650852059,0.1740539321355688,0.4672450638194725,0.2869055679974334,0.3608565949033239,0.3999193580886296,0.3581156206007772,0.3769651165627252,0.2626900780436651,0.4242224449718095,0.6336121430807189,0.1377753295551642,0.1296792651926722,0.1738287060479456,0.2710278126944568,0.2079329918427358,0.2069308302356809,0.1682837097825096,0.2306872593840442,0.4189724201326305,0.3040389755203381,0.6320655732355989,0.9955299124141233,0.3134475297431118,0.3752480543929064,0.2625729974322396,0.2426470454837885,0.3103615926482145,0.3115287745785594,0.268901069891868,0.2855999232435834,0.3002057215637482,0.3202388824419974,0.253546716255229,0.1894651558882878,0.4767510204951259,0.3457432839744765,0.2481613185536678,0.3768465484531339,0.5233474392378571,0.9184502525765486,0.249091992267789,0.1786473880174758,0.3607652658612648,0.39506096754922
123,CAL_SCHED_3805V_PG_1,0.999192345626331,0.6098939547949652,0.95,CAL_SCHED_3805V_PG_1,0.2885013628152819,0.2849065980267998,0.2749188641383151,0.2060887061463402,0.6098939547949652,0.334864060041417,0.3307919849910327,0.3233931293793646,0.1214045693232927,0.2881166931285265,0.3540881563319253,0.2413640790783785,0.2286548009943574,0.2822585709748774,0.3189616321749682,0.4037685786088826,0.2675758588513798,0.2963413956238427,0.2540273416373176,0.2383796247612876,0.2731673698455763,0.2468526704669379,0.5724033090999815,0.1744955908296459,0.4578570196170451,0.2946902514083865,0.4831116751590323,0.3356686853015884,0.1280525369163084,0.3045571673079772,0.2954996876722334,0.2799017922105056,0.1653713881151806,0.2219285942196603,0.281428205065154,0.4192644864871545,0.4842949403034001,0.3682170228867263,0.3351747124412995,0.314157919224621,0.999192345626331,0.6035455057995891,0.2957604381871624,0.3064635016510647,0.1750965927893362,0.2226051757566088,0.1713246023544456,0.2292058261218434,0.2307273026753954,0.4777928459460885,0.20891833148901,0.2452847864406029,0.3755146730110058,0.3818743511576014,0.4061298438609919,0.4393549984739571,0.3096040957568985,0.317255987644079,0.5709930466505936,0.1214045693232927,0.2221020961231377,0.2483859825527792
124,CAL_SCHED_3805V_PG_2,0.9999999999999994,0.6583441143366987,0.95,CAL_SCHED_3805V_PG_2,0.2314455765840032,0.3157469273465457,0.1774658855168026,0.1357674362551065,0.5506119655592259,0.2586368139815006,0.249313185645473,0.228937373211831,0.2136637577951637,0.2373785319214498,0.3989137274781827,0.2941813679667283,0.3009744636217353,0.220849110827956,0.3084152964554559,0.3317073325167349,0.4175400937442473,0.2192140464822427,0.1863424097005947,0.2565892029366846,0.2363396460644427,0.3206317761953843,0.6583441143366987,0.1478334896526411,0.3645044913794713,0.2241336201673877,0.3651064899099235,0.3787818254957628,0.117710624962768,0.2897803887515138,0.2557924130763563,0.3269967645208335,0.1925985447680222,0.2510676218742645,0.2157193674378351,0.2814818678156061,0.3596918451387952,0.3730567763038375,0.3850135977525522,0.3797419576613351,0.6067535764165074,0.9999999999999994,0.3436849628744493,0.2872174994108796,0.2838411673163648,0.3172171245219896,0.2707540484909091,0.3256395679739579,0.3267514217426956,0.388374391439811,0.32360795287296,0.245353696556023,0.459897837656953,0.2540716402707568,0.3468480885489015,0.3720111092851551,0.3681329365743007,0.3729524996139229,0.4451519053491571,0.2136637577951637,0.2572602645223191,0.2001028198765986
125,CAL_SCHED_3805V_PG_3,0.9995399772442004,0.8567595526318792,0.95,CAL_SCHED_3805V_PG_3,0.1808573822052143,0.2584943563741449,0.1871170601750626,0.152237742641782,0.2139202464225867,0.2293596459209438,0.2024775215338813,0.1400807339386207,0.2424213137058932,0.1768038175248534,0.4651556209961476,0.2965017966760093,0.2543895859855757,0.2031260917818808,0.1758854665278528,0.2045582528740582,0.2660061277174441,0.1905152209416591,0.1538731876206185,0.2078559649789932,0.1372854704528598,0.2663997900625891,0.2844974138809427,0.2149039235168298,0.1996980608731446,0.1871649833512846,0.482012575440713,0.3156055806531973,0.0840916679144699,0.3459069811991925,0.5063868639889668,0.4507670428724042,0.2204887021197512,0.2736699978574378,0.2245747292685037,0.2646338860614063,0.4761402723150637,0.1816113804952049,0.3089780609648584,0.2701473669778688,0.2990367944166221,0.3444275016612728,0.9995399772442004,0.6538116046871418,0.7084279881728284,0.6996777499205675,0.6938376836371529,0.8082421793874895,0.8381027821311514,0.5732755250934974,0.8567595526318792,0.679062789592223,0.5103346594763909,0.1681261974952604,0.1584667198331491,0.2284051697877938,0.3455229561694838,0.2956199730652695,0.2288747339108741,0.2424213137058932,0.2142082295463685,0.156763790524035
126,CAL_RENTAL_ROYALTY_INC_STMT,0.9999999999999996,0.4900611215963643,0.95,CAL_RENTAL_ROYALTY_INC_STMT,0.2931320554974275,0.1741128710823513,0.4131721998922014,0.297369427009001,0.2674737109126903,0.2828493387635811,0.2598050378716349,0.235220430935576,0.072425283536844,0.4900611215963643,0.2447774694687851,0.3035041137216456,0.2589377953742235,0.2822405518920236,0.2502290570215094,0.28878633797033,0.1354038093856861,0.377861551474915,0.3037354009765014,0.1495429631546725,0.210443782432223,0.1029118025627587,0.128524336176961,0.1579383577677395,0.2018437331416812,0.3813069108563154,0.1825180271896185,0.1475684954424768,0.9999999999999996,0.2262953698716089,0.233168879863979,0.1086262102092232,0.0610232279408993,0.1010068367461327,0.1220400371880334,0.1401561763896741,0.1846654151543907,0.1382509782326712,0.148286235272659,0.1510808927169627,0.1276995868225818,0.117710624962768,0.0838994629570351,0.1107990387679409,0.1248220425612127,0.104227001904686,0.1225798655851676,0.1127755536100858,0.0966136884011097,0.1134373195017923,0.0770577388265706,0.0692651720672091,0.1042521950696393,0.2427854030417807,0.2056325321507612,0.3132434565997387,0.1578779871151511,0.1496339917080101,0.1634987647664253,0.072425283536844,0.2028878855263952,0.3118674514060446
127,CAL_FARM_RENTAL_INCOME_EXPENSES,0.877500000000001,0.8758047381077736,0.877500000000001,CAL_FARM_RENTAL_INCOME_EXPENSES,0.5741270691650602,0.4430972435054775,0.616395418671472,0.4973999430423798,0.3802677991630325,0.6409794771928037,0.512446338213573,0.4392176735445763,0.142191125235138,0.5873142387088145,0.4238826069471761,0.2589692249656781,0.2431364956828485,0.7129835936168064,0.4410668203194446,0.4987855761625377,0.301087388434031,0.8758047381077736,0.4628099670873641,0.2131191530425773,0.4415173956777199,0.3072621463201291,0.209585401882473,0.2869045221164011,0.2163053912629379,0.877500000000001,0.3274179291968768,0.2757180911089097,0.3813069108563155,0.3992729603739754,0.3931777953401199,0.3751807186209936,0.1557062725546883,0.2987966340187591,0.2495423919189549,0.3604367525308489,0.32614092446602,0.2668649890811069,0.2698622574423435,0.2672342076336171,0.2966421132236579,0.2241336201673879,0.1874375615604122,0.2686036311245747,0.2160932526910416,0.2546819649578341,0.2079564526787805,0.2254450009593356,0.2463373464655481,0.2841141573782625,0.1405789938394209,0.1086191544954604,0.1836891280332421,0.5383897766346596,0.4787517230741753,0.5042468463664639,0.3743212964362529,0.3367859990418498,0.2705721491225764,0.142191125235138,0.2558113212246619,0.2595262622250459
128,1040_Schedule_E_STMT_PG_1,0.5403899661889018,0.5280772330251232,0.95,STATEMENT,0.1528010835548666,0.2187269148111523,0.2830732306666087,0.1123414045413222,0.1460642975757762,0.1503189904868019,0.1808473465725329,0.1181720023483373,0.1687321985488506,0.1784723333979755,0.4573209521071423,0.5403899661889018,0.4865315590218964,0.1555157601302146,0.0851209254852462,0.1863178059316802,0.2093838680214627,0.2028646563796039,0.2993081284972009,0.3636388371247254,0.0890802450442046,0.1910770644716504,0.2515092154709893,0.295671774797027,0.2682697947731955,0.2050688473911857,0.2688110682229175,0.3975993321400234,0.2664276872891908,0.0673339491824674,0.0917509528400672,0.175040642498897,0.1596965296701987,0.2179035089891075,0.1353416650177727,0.2809897168049727,0.2588104617295796,0.2570698163623533,0.404910571632019,0.3630381533114838,0.1772149908430068,0.2257936615049522,0.2462554810492876,0.148551006042538,0.2473034002243,0.2041868667059019,0.1843455131056738,0.1764133038871267,0.1704265716120067,0.1581722752935932,0.1857342792612104,0.1263844060510567,0.3367026682097686,0.1576521177887374,0.063636969403976,0.2308579239019877,0.3693919604171654,0.3581433060504138,0.1911843835452371,0.1687321985488506,0.3704612888362585,0.5280772330251232
129,1040_Schedule_E_STMT_PG_1,0.5351046982257325,0.5241753385612598,0.95,STATEMENT,0.1528010835548666,0.2187269148111523,0.2830732306666087,0.1123414045413222,0.1460642975757762,0.1503189904868019,0.1808473465725329,0.1181720023483373,0.1687321985488506,0.1784723333979755,0.4573209521071424,0.5351046982257325,0.4797509816316496,0.1555157601302146,0.0851209254852462,0.1894452782582845,0.2093838680214627,0.2028646563796039,0.2993081284972009,0.3636388371247254,0.0890802450442046,0.1910770644716504,0.2515092154709893,0.295671774797027,0.2682697947731955,0.2050688473911857,0.2688110682229175,0.3975993321400234,0.2664276872891908,0.0673339491824674,0.0917509528400672,0.175040642498897,0.1596965296701987,0.2179035089891075,0.1353416650177727,0.2809897168049727,0.2588104617295796,0.2570698163623533,0.404910571632019,0.3630381533114838,0.1772149908430068,0.2257936615049522,0.2462554810492876,0.148551006042538,0.2473034002243,0.2041868667059019,0.1843455131056738,0.1764133038871267,0.1704265716120067,0.1581722752935932,0.1857342792612104,0.1263844060510567,0.3367026682097686,0.1576521177887374,0.063636969403976,0.2308579239019877,0.3693919604171654,0.3581433060504138,0.1911843835452371,0.1687321985488506,0.3687524062336004,0.5241753385612598
130,STATEMENT,0.5083176323223751,0.4857489784880116,0.3809916474414604,STATEMENT,0.1516643894706372,0.2174205531122307,0.2815508925378011,0.1105227523244619,0.1444010870399807,0.1603678737764403,0.1869592789488385,0.1164918913230534,0.1693061208311519,0.1793014388806928,0.4284166512681784,0.4857489784880116,0.4364888772704248,0.1529185022105889,0.0858598232307878,0.1872504296404198,0.2101731523685745,0.2078214948523358,0.3000891377992296,0.3409848251305698,0.1086384176620421,0.2255462198976811,0.2500768854740117,0.3541826957528252,0.2663868787726089,0.2059040269879471,0.2340204922802018,0.3959655612851734,0.2453019099272214,0.0678362401954373,0.0905839415938702,0.1737898963958148,0.1582147945420184,0.2165099626655947,0.1331262875959777,0.2792209197389222,0.2235560347579097,0.2264998241836173,0.4032000565794074,0.3551623394170797,0.1758896668358041,0.2264781037647003,0.2471089984610645,0.1491645547702542,0.2479593114040729,0.2047607889882032,0.1824422406648302,0.1743844340319045,0.1709452229483264,0.1568538918008961,0.1866197358304334,0.1346820912379025,0.3342836346237218,0.1538092173407474,0.0642347159393394,0.2090809620077201,0.3678375535854382,0.35917410089894,0.1895467724902242,0.1693061208311519,0.3902782683836525,0.5083176323223751
131,1040_Schedule_E_STMT_PG_1,0.5144723306673673,0.486007999614487,0.95,STATEMENT,0.1568347453718571,0.2224271120766158,0.3039929722422378,0.1174536810607671,0.152123998798417,0.1561382626579032,0.1882063028819481,0.1231228843461285,0.1692804809765593,0.219710838974097,0.4478834489781677,0.5144723306673673,0.4536073107034615,0.1548407677226408,0.088730312892928,0.1905597227697776,0.2105726202473328,0.2112631500628423,0.3119845071426622,0.3497719452121413,0.0928910088326115,0.1949760386835219,0.2564362354235966,0.3037836674886937,0.2786499587892003,0.2135600609259491,0.2562504535671496,0.4092824278772308,0.2538285639380908,0.0689762309943884,0.0931231098811846,0.1752338308588759,0.1590968871474658,0.221776991555211,0.1389881486835503,0.2916336082413079,0.2462919931854738,0.2127003066926995,0.4167068112925348,0.3618726907054801,0.1835547013677072,0.2282504855914088,0.2520781796050393,0.1553015931411852,0.253109991442099,0.2084239651274457,0.1877574046264133,0.1837734928623297,0.1733243710360749,0.1671691827325226,0.1884890104563614,0.1292419806798773,0.3465413403049583,0.1615447681829465,0.0670147555263094,0.2333890982883124,0.3797011949784591,0.3651513099109854,0.1977995564355797,0.1692804809765593,0.3481674762110337,0.486007999614487
132,STATEMENT,0.3890835744206012,0.3323652533044877,0.3809916474414604,STATEMENT,0.105414255123924,0.1608133077950516,0.1167322972180932,0.0802607926991358,0.0823426734605283,0.0701960256573305,0.0774425884297079,0.107907900684325,0.217272792372581,0.1134292269441773,0.1015743901640908,0.0803154579541796,0.0991465017898796,0.0884778640187974,0.0656318778691184,0.1141363037485454,0.0758209065619856,0.0987088065388714,0.0808450769409115,0.1718428174678326,0.100918264484772,0.0941753283706428,0.0598058786843915,0.1212562930949531,0.0756335298586417,0.113945521858165,0.0800724521609754,0.0625574375240526,0.2125625766615349,0.1169427929687669,0.1554182846507536,0.055315901955954,0.079275129361637,0.2011581908784568,0.1212199700221196,0.0885153556879841,0.078994454177174,0.3323652533044877,0.0546562548643413,0.081912506255588,0.071033240289789,0.0889506069292248,0.0317148395862941,0.1027106489175413,0.0669899629634246,0.0440644582181493,0.0630433196457485,0.0901215736963509,0.0817628000006838,0.1241286707288033,0.0591688614180671,0.0545485810125589,0.1250964454472008,0.1130380763050246,0.1478929739474008,0.094947899234635,0.1134598133454019,0.1117644167001498,0.1387923560722527,0.217272792372581,0.2485830958134078,0.3890835744206012
133,STATEMENT,0.5503631410205332,0.3377110833972366,0.3809916474414604,STATEMENT,0.1788731438313544,0.2090556639656944,0.1967585967183595,0.2000536572657001,0.130083008243865,0.1913561862315882,0.1981308762338384,0.1668573416913789,0.0894170681053573,0.2425901656876529,0.2679562453170679,0.2178356383697117,0.2105580502213542,0.1686678784547016,0.1666519197662844,0.2376157603853668,0.1984876250266579,0.1643123090620668,0.2353741377448531,0.2400385125028543,0.226292818814062,0.1965402115031226,0.1325154447080702,0.2333795674641663,0.2069755569337594,0.1687343608239552,0.2473171112626452,0.2431505875953925,0.1573466749121445,0.0959303531681514,0.1220749957751407,0.1231047744199673,0.1005157906845495,0.1338963619239969,0.1218060247902456,0.1929415843409798,0.2409877232028769,0.2699434179697867,0.2358943809648925,0.2819851432287698,0.1598976008533096,0.1699150045552106,0.075633258061299,0.1138641043881275,0.0975679768543987,0.1276400133676819,0.124167550715544,0.1252782988266823,0.1180508660158998,0.1849437910072619,0.0969295260370082,0.0928418885899624,0.1655724139805243,0.2168478491606918,0.1647977968999754,0.2458449057565209,0.2841615055289248,0.2980000445273488,0.1121197121502827,0.0894170681053573,0.3377110833972366,0.5503631410205332
134,STATEMENT,0.7277058715926525,0.5575118999707285,0.3809916474414604,STATEMENT,0.1439271485743712,0.1568301849916535,0.1990683682272769,0.1667525882209303,0.1109394075771184,0.1806895283004486,0.2504133727299865,0.1833883499268389,0.0595971783775983,0.2045938241764955,0.3272184859328749,0.2920693285190168,0.2353250231131792,0.1614747663452164,0.1075906765676326,0.2322072485662005,0.1322575205307885,0.1809870183575501,0.1024471422444073,0.3727154513385114,0.1860137708465741,0.2307461412077263,0.1299040446580715,0.2724832489979283,0.1878860088359648,0.1803998559006327,0.2256959265074708,0.2358577072324732,0.1905590995247438,0.084522734060834,0.0895582738859618,0.072447391806047,0.0560343309409997,0.0712975604593761,0.0699482255239059,0.1085235611293848,0.2264157882962079,0.3686987834645784,0.2298095010133222,0.2831327354693247,0.1415187365040093,0.1053853817024262,0.0909733348867861,0.1136164310730376,0.1089877715009361,0.0904922294377117,0.0835679835208553,0.1078844602314724,0.0917086934213773,0.1763384526418813,0.1113889090500743,0.0978806890249753,0.1654008374485272,0.2080922873710128,0.1665399917587537,0.2104011777563488,0.2269501102298681,0.2443927918354762,0.0727448514791808,0.0595971783775983,0.5575118999707285,0.7277058715926525
135,STATEMENT,0.6979601955208024,0.4747894567059001,0.3809916474414604,STATEMENT,0.1257520954797014,0.1137662522364838,0.2170941574273958,0.0993966096480679,0.1413802728114135,0.160584232328486,0.2357362468673586,0.1421508339796601,0.0666324849447515,0.2159035535251344,0.379113133839602,0.4747894567059001,0.3788870470786543,0.1522283502258005,0.1134285234476496,0.2672613414644056,0.0824619158201067,0.1727988540953969,0.1170936987070658,0.269555307317716,0.1285445886421426,0.1675850825965271,0.1278833070547602,0.2306359029884048,0.2570842633474028,0.1742009952751164,0.2921550803372021,0.3617774886953508,0.2787843059169805,0.0786872314764561,0.0844808949999559,0.074252075539182,0.0639048944214428,0.0886639839404994,0.0730590226982753,0.1148131031745209,0.2908020183057154,0.3293555935457369,0.3610183925624007,0.3170938035691614,0.1856403638148354,0.139712561358037,0.1332691427529957,0.0925446806904627,0.0922564848321017,0.075677625505143,0.064521855930284,0.0590620499365363,0.0770323529330632,0.1744725629568201,0.0883442923481346,0.0821514318781075,0.24090482094032,0.151446548519728,0.0812403768039888,0.3094470463392842,0.3338184422953834,0.2990205766804933,0.0950046471490587,0.0666324849447515,0.4744965654808895,0.6979601955208024
136,CAL_PASS_ACT_LOSS_LIMIT_SLIDE_1,0.8774999999999995,0.8725174311541708,0.8774999999999995,CAL_PASS_ACT_LOSS_LIMIT_SLIDE_1,0.2929689966302155,0.3101523793966334,0.339133241442084,0.2253676227930586,0.3123954184405911,0.331929745848501,0.3518138599925502,0.2543298288730445,0.1066688954166859,0.354632836202134,0.4340986747330595,0.3257910779390532,0.29889751275299,0.3178293987583251,0.275998634473922,0.3641069107917796,0.2671656726507952,0.326799502094899,0.252695026418045,0.2895772687836003,0.2653237566685149,0.2437398954527886,0.3376587134994714,0.273625789313593,0.362926922868158,0.3274179291968765,0.8774999999999995,0.4711698933130757,0.1825180271896185,0.3552920877264245,0.4440503471289792,0.3779472452167056,0.221324535927995,0.2392277873202844,0.3306286211414029,0.4283708955319549,0.8725174311541708,0.3942127308722782,0.4677890024764771,0.424716374888255,0.486262373726626,0.3651064899099235,0.4825941064204579,0.6085934469816425,0.4974937450103669,0.477712096003511,0.4573210881092799,0.4856800411557245,0.5002182847066042,0.6197610126960938,0.474412789385474,0.5394346223592162,0.4481568913631678,0.3619273130039539,0.2819558578526296,0.5803896255437395,0.4099187619636769,0.4211563900608089,0.3371769922357487,0.1066688954166859,0.2946162181198136,0.3340673378085056
137,CAL_PASS_ACT_LOSS_LIMIT_SLIDE_3,0.9999999999999996,0.9921464376669928,0.95,CAL_PASS_ACT_LOSS_LIMIT_SLIDE_3,0.2406738095111786,0.3295654014426605,0.2820987280989363,0.1964954888332402,0.2277184059538264,0.2774296465899233,0.3731870695608995,0.2563174811347576,0.2050759193665359,0.3007592020238819,0.5565426598086314,0.5087451778611967,0.4355663818268381,0.2867518408188342,0.2509630812456211,0.411106731090271,0.3660692624962179,0.2754470018842316,0.173567266870191,0.4046281774738046,0.2646563198237682,0.3658419823411299,0.3339196399325813,0.3525025694798687,0.3671498610930044,0.2757180911089096,0.4711698933130762,0.9999999999999996,0.1475684954424768,0.1499797446550292,0.1674098589401749,0.2924666320368587,0.2250938491363042,0.2447884714063938,0.2039945358880415,0.2137496969410809,0.4642256192180696,0.3452236314031967,0.9921464376669928,0.6396704567481183,0.3399509193502612,0.378781825495763,0.3157582152505861,0.2331472741469161,0.2947264080213951,0.3253835253427215,0.2726023134816344,0.2843074585662941,0.2937249457202636,0.3490861020115357,0.2922021541839532,0.2024358300325644,0.4891391093157339,0.2664851796707,0.2069792153434291,0.4784544185048597,0.6679969840031686,0.5993697603701756,0.1785497884874674,0.2050759193665359,0.3684750812154153,0.3832349751581001
138,CAL_SCHED_3801_PG_4,0.9880122726569536,0.905179651954116,0.95,CAL_SCHED_3801_PG_4,0.2412223404488008,0.3683867507022265,0.3269833527531709,0.2645894668663004,0.2707325902861645,0.2814042576299937,0.3584194406150462,0.2521816073158568,0.1878875874815583,0.3002008862433245,0.5744048857031192,0.4915445753429646,0.4179189722961786,0.2526497285851155,0.1938212704867478,0.3717233918878158,0.3604547036770374,0.2612074411322033,0.1780192213960393,0.506960502857499,0.3003667709217555,0.3896045609592226,0.403746296870191,0.3912127373919017,0.389534035552647,0.2614277469599783,0.4125524567292972,0.6380670150652755,0.1438478803690722,0.1277440687298644,0.1715602103038054,0.2718160896894107,0.212341611177589,0.2093365553677159,0.1734509525955566,0.2361489525108842,0.4075898332707789,0.3304513047620776,0.6300806483390914,0.9880122726569536,0.3207373327990925,0.3813269275907198,0.2776150970106953,0.2471340217175635,0.3170237062738674,0.3173528869657654,0.2768228771971336,0.2933169343031215,0.3022074462533382,0.3309410753932442,0.2736210413704907,0.1988680252820577,0.4748089272234499,0.3461718622794661,0.2613825354217763,0.3772294962681651,0.5338887185676423,0.905179651954116,0.2496077124187584,0.1878875874815583,0.3963003694495355,0.4311123554345319
139,CAL_SCHED_3801_PG_4,0.9959961927667064,0.9186175403985486,0.95,CAL_SCHED_3801_PG_4,0.2424642447811689,0.3652003319001206,0.3394849997924299,0.2694656569383815,0.2693366057421389,0.2846294936274974,0.3555159127203099,0.2469946939643557,0.1921536667898014,0.3204784265207608,0.5857926996845055,0.5190003572239459,0.4443953334650152,0.2541070445661982,0.1915717780641517,0.3709034211071877,0.3539203613406241,0.2723566444318965,0.1803216243485421,0.4870532843638671,0.2958469386353844,0.3794671332391465,0.4067171453138633,0.3772617043936266,0.3833718230456486,0.2725603545007148,0.4283994383236327,0.6375791407538968,0.1767458898830444,0.135504490945198,0.173732245124096,0.2734657797689965,0.2124933443990602,0.2106807520005486,0.174506977275471,0.2361774145267426,0.4234016340048095,0.3203467220306635,0.6306607851271777,0.9959961927667064,0.314258981050588,0.3772564700863049,0.2699872435908466,0.2469705386012129,0.3147080799570902,0.3138912237445716,0.2756733070146707,0.2920384600830012,0.3021630319405363,0.3226659933297066,0.2616222946330561,0.1953386441038014,0.4798297445335877,0.3481653979689141,0.2519805963815194,0.3858520384559208,0.5340455016341595,0.9186175403985486,0.2550992614437019,0.1921536667898014,0.3894995627730582,0.4253981768607978
140,CAL_SCHED_3801_PG_4,0.9957385008465808,0.9196728119924674,0.95,CAL_SCHED_3801_PG_4,0.2434269731684703,0.3661974340618142,0.3372380958624286,0.2681489947079535,0.2704162044159603,0.2858586846959119,0.3536641814522203,0.2480488896048106,0.1922304817561295,0.3048564239244982,0.5772440764895236,0.4993454516062368,0.4327362146792435,0.2573118661947877,0.1922870176867187,0.3725635064460936,0.3539072727312975,0.2656002468136637,0.1809386181475434,0.4845043462597515,0.2948650022025688,0.378383438071656,0.4078700956221839,0.3786395191689997,0.3811961624154977,0.2658057101970614,0.4202868282059626,0.6368217678223982,0.1511780980084079,0.1359590953246217,0.1743561503114395,0.2739957682089216,0.2126926210367694,0.2108585279569141,0.1748325764227147,0.2370072343667044,0.4152143473320919,0.3062774771593513,0.6298573874024628,0.9957385008465808,0.3154830118505553,0.3766113932773099,0.271131370721082,0.2468023296582253,0.3139623446652114,0.3145195856519545,0.2731152142610626,0.2910162475231421,0.3027343898685006,0.3242338639926462,0.262023945886861,0.1948360246364741,0.4814339721911559,0.3487015129767756,0.2530447251772195,0.3785883040272981,0.5336613987231351,0.9196728119924674,0.2560203393436938,0.1922304817561295,0.3779014246818593,0.4085603053597565
141,CAL_SCHED_3801_PG_4,0.995314753351387,0.9234614203757356,0.95,CAL_SCHED_3801_PG_4,0.2403411714809903,0.3611141371613724,0.3353414918209817,0.2642046169691934,0.2664143360584332,0.2816918007611751,0.3513847130175699,0.2507292965531105,0.1817600225819964,0.3015225803148101,0.5793149349837905,0.5049735785601791,0.4399980514878242,0.2496967911849338,0.1869423598305708,0.3699532245329729,0.352219128853631,0.2648465732187314,0.1790156821601612,0.4774266688632023,0.2902945068559704,0.3659185020112506,0.4040443942094336,0.3647447002795967,0.3825774271882869,0.2650575364376958,0.4248146661821271,0.6331536178539985,0.1473255530222266,0.1345984502864558,0.1765296563390228,0.2726009023272427,0.2093749556304709,0.208555913320288,0.1708341531747421,0.2315820319810546,0.419594185418649,0.3046317976393096,0.6309211248497701,0.995314753351387,0.3139002308806646,0.3738423256524709,0.2633207323442357,0.2429645371904724,0.3098683804732626,0.3111965081794322,0.26870115297422,0.2854920472257994,0.2998854316458763,0.3214489134662912,0.2554046304319091,0.1911227529144497,0.47617299716048,0.3483503551124781,0.2508703845893806,0.3800938361077803,0.5294549038306521,0.9234614203757356,0.253083060832592,0.1817600225819964,0.3665368370316706,0.4075467701122481
142,CAL_SCHED_3801_PG_4,0.995314753351387,0.9234614203757356,0.95,CAL_SCHED_3801_PG_4,0.2403411714809903,0.3611141371613724,0.3353414918209817,0.2642046169691934,0.2664143360584332,0.2816918007611751,0.3513847130175699,0.2507292965531105,0.1817600225819964,0.3015225803148101,0.5793149349837905,0.5038432585131205,0.43854794099045,0.2496967911849338,0.1869423598305708,0.3706220732445267,0.352219128853631,0.2648465732187314,0.1790156821601612,0.4774266688632023,0.2902945068559704,0.3659185020112506,0.4040443942094336,0.3647447002795967,0.3825774271882869,0.2650575364376958,0.4248146661821271,0.6331536178539985,0.1473255530222266,0.1345984502864558,0.1765296563390228,0.2726009023272427,0.2093749556304709,0.208555913320288,0.1708341531747421,0.2315820319810546,0.419594185418649,0.3046317976393096,0.6309211248497701,0.995314753351387,0.3139002308806646,0.3738423256524709,0.2633207323442357,0.2429645371904724,0.3098683804732626,0.3111965081794322,0.26870115297422,0.2854920472257994,0.2998854316458763,0.3214489134662912,0.2554046304319091,0.1911227529144497,0.47617299716048,0.3483503551124781,0.2508703845893806,0.3800938361077803,0.5294549038306521,0.9234614203757356,0.253083060832592,0.1817600225819964,0.3661713713112351,0.4067123016302817
143,CAL_SCHED_3805V_PG_1,0.9991726358387918,0.609057048403192,0.95,CAL_SCHED_3805V_PG_1,0.2931489349992693,0.3033701750952559,0.2744380784864575,0.2067118878521086,0.6080189230081374,0.3354475624719182,0.3318648747881545,0.3264667775309471,0.1296803667829322,0.2877519784104777,0.3624082985121656,0.2504784936475256,0.240626298141718,0.2834868436401857,0.3235916545002772,0.4039688622429955,0.2762640517028958,0.2993902341082449,0.2553216555298919,0.2465476508652637,0.2729177654286862,0.252847529362835,0.580107298205479,0.187943899079742,0.4609023183036628,0.2977626797603092,0.4883608221281286,0.3435676072234949,0.1268455896259313,0.3052798577377687,0.2993404062047807,0.3016671359484137,0.1904212499262608,0.236160364217066,0.2930056136491172,0.4183160391710772,0.4869101269431559,0.3720395905126744,0.3435973948624963,0.32103709955121,0.9991726358387918,0.609057048403192,0.3030047439615821,0.3077917835217992,0.1825401479294515,0.2303602566002682,0.1792335772578607,0.2359187320924407,0.2373994991385458,0.4802001590095932,0.2182013750594927,0.249750945504794,0.3812476135579629,0.3950507021032732,0.4114041272008097,0.439948498398619,0.3205199994899482,0.3269734352350142,0.5686170020421574,0.1296803667829322,0.2321041289658749,0.2541770602795178
144,CAL_SCHED_3805V_PG_2,0.9999999999999994,0.6583441143366987,0.95,CAL_SCHED_3805V_PG_2,0.2314455765840032,0.3157469273465457,0.1774658855168026,0.1357674362551065,0.5506119655592259,0.2586368139815006,0.249313185645473,0.228937373211831,0.2136637577951637,0.2373785319214498,0.3989137274781827,0.2941813679667283,0.3009744636217353,0.220849110827956,0.3084152964554559,0.3317073325167349,0.4175400937442473,0.2192140464822427,0.1863424097005947,0.2565892029366846,0.2363396460644427,0.3206317761953843,0.6583441143366987,0.1478334896526411,0.3645044913794713,0.2241336201673877,0.3651064899099235,0.3787818254957628,0.117710624962768,0.2897803887515138,0.2557924130763563,0.3269967645208335,0.1925985447680222,0.2510676218742645,0.2157193674378351,0.2814818678156061,0.3596918451387952,0.3730567763038375,0.3850135977525522,0.3797419576613351,0.6067535764165074,0.9999999999999994,0.3436849628744493,0.2872174994108796,0.2838411673163648,0.3172171245219896,0.2707540484909091,0.3256395679739579,0.3267514217426956,0.388374391439811,0.32360795287296,0.245353696556023,0.459897837656953,0.2540716402707568,0.3468480885489015,0.3720111092851551,0.3681329365743007,0.3729524996139229,0.4451519053491571,0.2136637577951637,0.2572602645223191,0.2001028198765986
145,CAL_SCHED_3805V_PG_3,0.999514536639573,0.8563235179310418,0.95,CAL_SCHED_3805V_PG_3,0.1806125827531097,0.2588039422947681,0.1872829906582481,0.1524723765588748,0.2124967577934319,0.2279862459321216,0.2024555968222524,0.1415523208750471,0.2414021897311604,0.1766739302802346,0.4641245472089611,0.2949807218576201,0.2526707653151002,0.2030234800220493,0.1767644040851679,0.2044063251397677,0.2652353711834077,0.1904536083569887,0.1551608876766737,0.2062592226695178,0.1377128675932011,0.2682618414402679,0.2837996831364841,0.2162298795275576,0.1985449428806054,0.1871028255468024,0.4824916935260847,0.3152899547954179,0.0832835094274382,0.3464288787094869,0.5085176023143698,0.4523686819320944,0.2225257942082026,0.2739303104500458,0.2236164241699832,0.264749275377008,0.4768026927499357,0.1813304497418313,0.3070963311784747,0.270088705096199,0.2996561088508354,0.3423708081988786,0.999514536639573,0.6534122743413686,0.7080416628036323,0.6992160093030704,0.6936671523421079,0.8078726518946899,0.8376582319177481,0.572748749318222,0.8563235179310418,0.6784719283966131,0.508785516347198,0.1679814634924386,0.1584417187882451,0.2282567338127121,0.3459754136196173,0.2973580856013869,0.2288446252573909,0.2414021897311604,0.2134780854628448,0.156528133341494
146,STATEMENT,0.7439558498127758,0.5548861547958377,0.3809916474414604,STATEMENT,0.1420504760230684,0.1541637660971426,0.1997874047166035,0.1729933978208818,0.1231524614806978,0.1861416981404091,0.2599605937696352,0.1949874076770743,0.0434952217514091,0.2019896403721972,0.3325050133584803,0.3003547568432398,0.2418673566551379,0.1603361276894179,0.1051605485124911,0.2405916336770369,0.1344695554640188,0.1715420334132998,0.1106533347669532,0.4039529073775014,0.1889545033044622,0.232697796810041,0.1406114450895618,0.2985677620703399,0.203563682035536,0.1703673401997589,0.2261944120233212,0.2528871560347356,0.1815598495687255,0.0777280518550377,0.0759840584004182,0.0680669479567911,0.0471966026999858,0.0628838714941756,0.0723330584645609,0.1123476062203235,0.2266156321090142,0.3289469423175792,0.2436961411093672,0.2991021726553761,0.1493385676331103,0.1080812921966255,0.0999451082486895,0.100760709914655,0.0989154784687038,0.0882604702905693,0.0797185539745932,0.0940483222424639,0.0791988963117986,0.1747252512024191,0.1078924290233452,0.0921822161490089,0.1800024393078967,0.2118530229634584,0.1563074817007707,0.21719012763554,0.2434576454580717,0.2636664316299462,0.0684537917343764,0.0397283576623641,0.5548861547958377,0.7439558498127758
147,STATEMENT,0.6829463337183139,0.4715348667126759,0.3809916474414604,STATEMENT,0.1341038157129212,0.146585008684599,0.2058143903695347,0.0987297901765769,0.1373956485432477,0.1501585218150649,0.2276933839817813,0.1462855328803937,0.0710547423288318,0.2008736047085322,0.3669110923435089,0.4638680577197252,0.3804082857880956,0.1461180639846215,0.1257144477576575,0.2596060409103974,0.0853268542814028,0.172020241087437,0.117744625809153,0.2562592805606711,0.1243929659130057,0.159467574574162,0.1165807965039304,0.2493438366445943,0.2805269602463303,0.1733745386828066,0.2904111090242509,0.353399840178049,0.2721174877561975,0.0823679696772447,0.0958311614763597,0.1194980749236122,0.1191226405759966,0.105354382169599,0.0992174667009166,0.1022959014954243,0.2845598273758824,0.320697257285931,0.3533747048063014,0.2980218075601676,0.1893420126687331,0.1345610109265449,0.1309826667430984,0.0885630552500496,0.093030877732757,0.074712953570372,0.0710669718935068,0.0594966178678875,0.0778178722082175,0.174926327102604,0.0873537307032198,0.0804268751708714,0.2279022239806627,0.2055897106041186,0.1042750164829795,0.3047224359324111,0.3280490941412773,0.28367963534193,0.0883258258609157,0.0652412271896277,0.4715348667126759,0.6829463337183139
